Date,Positive Sentiment Averaged,Negative Sentiment Averaged,Overall Sentiment Averaged,Positive Sentiment Summed,Negative Sentiment Summed,Overall Sentiment Summed,Positive Sentiment RMS,Negative Sentiment RMS,Overall Sentiment RMS,XRP_Change,XRP_High,XRP_Low,XRP_Open,XRP_Price,XRP_Vol,BTC_Change,BTC_High,BTC_Low,BTC_Open,BTC_Price,BTC_Vol,ETH_Change,ETH_High,ETH_Low,ETH_Open,ETH_Price,ETH_Vol,ten day percent change,thirty day percent change,binned price
2017-08-01,0.0,0.0,0.0,0.0,0.0,0.0,0.0,0.0,0.0,-4.59,0.185,0.1585,0.163,0.1704,26820.0,-4.37,2901.6,2615.8,2854.3,2731.2,42.31,12.53,232.59,200.8,200.81,225.97,352.31,0.0,0.0,3
2017-08-02,0.1768707482993197,-0.07256235827664399,0.10430839002267571,0.1768707482993197,-0.07256235827664399,0.10430839002267571,0.1768707482993197,-0.07256235827664399,0.10430839002267571,2.46,0.18,0.168,0.1786,0.1746,11470.0,-1.07,2757.8,2640.0,2733.8,2702.0,23.76,-3.53,229.7,215.0,225.97,218.0,159.47,0.024647887323943716,0.024647887323943716,3
2017-08-03,0.0,0.0,0.0,0.0,0.0,0.0,0.0,0.0,0.0,-0.57,0.1772,0.1688,0.1704,0.1736,4590.0,3.27,2813.0,2698.0,2702.0,2790.3,16.86,3.11,228.2,217.07,218.0,224.79,96.19,0.018779342723004744,0.018779342723004744,3
2017-08-04,0.1636155606407323,-0.10297482837528604,0.06064073226544625,0.1636155606407323,-0.10297482837528604,0.06064073226544625,0.1636155606407323,-0.10297482837528604,0.06064073226544625,5.99,0.17800000000000002,0.171,0.1746,0.184,7210.0,2.5,2874.8,2762.6,2790.3,2860.0,18.99,-1.81,228.3,218.66,224.79,220.73,83.46,0.07981220657276997,0.07981220657276997,3
2017-08-05,0.0,0.0,0.0,0.0,0.0,0.0,0.0,0.0,0.0,-2.01,0.192,0.171,0.1736,0.1803,20380.0,13.86,3331.9,2855.0,2860.0,3256.4,50.56,15.01,259.9,219.23,220.73,253.87,234.87,0.05809859154929573,0.05809859154929573,3
2017-08-06,0.0,0.0,0.0,0.0,0.0,0.0,0.0,0.0,0.0,-0.72,0.1898,0.1765,0.184,0.179,12150.0,-0.88,3309.8,3156.0,3255.0,3227.9,16.95,4.1,271.5,251.0,253.87,264.29,209.86,0.050469483568075096,0.050469483568075096,3
2017-08-07,0.06887052341597796,-0.09917355371900824,-0.030303030303030276,0.06887052341597796,-0.09917355371900824,-0.030303030303030276,0.06887052341597796,-0.09917355371900824,-0.030303030303030276,9.44,0.183,0.1763,0.1803,0.1959,10480.0,5.23,3440.0,3190.0,3232.5,3396.7,24.54,1.98,274.6,257.32,264.29,269.51,146.17,0.14964788732394363,0.14964788732394363,3
2017-08-08,0.0,0.0,0.0,0.0,0.0,0.0,0.0,0.0,0.0,-6.38,0.2,0.1768,0.179,0.1834,31910.0,0.54,3482.9,3343.8,3395.0,3415.0,31.72,9.77,299.5,265.0,269.51,295.83,207.56,0.07629107981220665,0.07629107981220665,3
2017-08-09,0.08108108108108109,-0.08108108108108109,0.0,0.08108108108108109,-0.08108108108108109,0.0,0.08108108108108109,-0.08108108108108109,0.0,-1.42,0.1959,0.18,0.1959,0.1808,13380.0,-2.2,3424.4,3236.8,3415.0,3339.9,26.25,-0.62,316.0,277.0,295.83,293.99,400.2,0.061032863849765216,0.061032863849765216,3
2017-08-10,0.0,0.0,0.0,0.0,0.0,0.0,0.0,0.0,0.0,-1.83,0.185,0.177,0.1834,0.1775,11260.0,2.04,3444.4,3310.0,3340.2,3407.9,19.13,0.67,310.05,287.6,293.99,295.97,155.41,0.04166666666666664,0.04166666666666664,3
2017-08-11,0.09408602150537633,-0.06720430107526881,0.026881720430107517,0.09408602150537633,-0.06720430107526881,0.026881720430107517,0.09408602150537633,-0.06720430107526881,0.026881720430107517,-3.15,0.1834,0.1753,0.1808,0.1719,10870.0,6.93,3690.6,3380.0,3404.7,3644.1,26.43,4.34,310.42,294.0,295.97,308.81,130.15,-0.015463917525773242,0.008802816901408458,3
2017-08-12,0.0,0.0,0.0,0.0,0.0,0.0,0.0,0.0,0.0,-3.37,0.1828,0.1704,0.1775,0.1661,13180.0,6.08,3965.4,3590.0,3643.4,3865.5,37.66,-0.51,319.78,299.0,308.81,307.22,160.55,-0.04320276497695856,-0.025234741784037548,2
2017-08-13,0.0663157894736842,-0.18526315789473685,-0.11894736842105265,0.0663157894736842,-0.18526315789473685,-0.11894736842105265,0.0663157894736842,-0.18526315789473685,-0.11894736842105265,0.96,0.1719,0.1585,0.1719,0.1677,20080.0,4.86,4183.7,3836.1,3866.2,4053.3,48.16,-3.44,308.0,285.21,307.22,296.64,166.56,-0.08858695652173917,-0.01584507042253526,3
2017-08-14,0.0,0.0,0.0,0.0,0.0,0.0,0.0,0.0,0.0,-5.78,0.1801,0.165,0.1661,0.158,10230.0,6.57,4330.3,3969.3,4061.6,4319.5,34.22,0.53,306.48,293.99,296.64,298.22,106.08,-0.12368275097060448,-0.07276995305164316,2
2017-08-15,0.7,0.0,0.7,0.7,0.0,0.7,0.7,-0.0,0.7,1.77,0.1677,0.1521,0.1677,0.1608,18860.0,-3.88,4430.0,3841.9,4321.0,4151.9,64.13,-4.1,299.91,272.29,298.22,286.0,179.77,-0.10167597765363126,-0.05633802816901407,2
2017-08-16,0.1111111111111111,-0.04444444444444445,0.06666666666666665,0.1111111111111111,-0.04444444444444445,0.06666666666666665,0.1111111111111111,-0.04444444444444445,0.06666666666666665,-1.74,0.1608,0.1486,0.158,0.158,16040.0,5.65,4403.6,3928.1,4160.0,4386.3,35.29,5.36,304.0,279.94,286.0,301.34,150.43,-0.19346605410923937,-0.07276995305164316,2
2017-08-17,0.35714285714285715,0.0,0.35714285714285715,0.35714285714285715,0.0,0.35714285714285715,0.35714285714285715,-0.0,0.35714285714285715,-0.63,0.161,0.153,0.1608,0.157,11830.0,-2.88,4489.1,4178.1,4386.4,4260.0,40.3,-0.78,312.0,297.01,301.34,299.0,133.09,-0.1439476553980371,-0.07863849765258213,2
2017-08-18,0.1111111111111111,-0.18888888888888888,-0.07777777777777778,0.1111111111111111,-0.18888888888888888,-0.07777777777777778,0.1111111111111111,-0.18888888888888888,-0.07777777777777778,-2.87,0.17,0.151,0.158,0.1525,19650.0,-3.99,4359.0,3957.0,4269.7,4090.2,46.8,-2.34,307.0,286.0,299.0,292.0,165.16,-0.15652654867256632,-0.10504694835680752,2
2017-08-19,0.0,0.0,0.0,0.0,0.0,0.0,0.0,0.0,0.0,4.33,0.162,0.14800000000000002,0.157,0.1591,14310.0,1.34,4184.1,3920.0,4088.2,4145.1,41.77,0.27,298.51,280.0,292.0,292.78,158.37,-0.10366197183098592,-0.06631455399061036,2
2017-08-20,0.0,0.0,0.0,0.0,0.0,0.0,0.0,0.0,0.0,22.56,0.1617,0.1493,0.1525,0.195,12010.0,-1.95,4192.0,4040.9,4145.0,4064.3,25.1,1.91,299.0,286.96,292.78,298.37,86.96,0.13438045375218155,0.14436619718309865,3
2017-08-21,0.3323308270676692,-0.006015037593984962,0.3263157894736842,0.3323308270676692,-0.006015037593984962,0.3263157894736842,0.3323308270676692,-0.006015037593984962,0.3263157894736842,24.1,0.2065,0.1511,0.1591,0.242,54920.0,-1.52,4093.5,3956.4,4066.3,4002.5,26.61,8.0,346.99,294.53,298.37,322.24,329.81,0.45695364238410596,0.42018779342723006,4
2017-08-22,0.24486373165618447,-0.11886792452830187,0.1259958071278826,0.48972746331236894,-0.23773584905660375,0.2519916142557652,0.3158966729765634,-0.168104630999066,0.14779204197749737,1.65,0.259,0.1711,0.195,0.24600000000000002,91200.0,1.79,4140.0,3600.0,3998.9,4074.0,61.72,-3.01,329.96,285.01,322.24,312.54,244.94,0.4669051878354206,0.4436619718309861,4
2017-08-23,0.0,0.0,0.0,0.0,0.0,0.0,0.0,0.0,0.0,-11.75,0.2995,0.2155,0.242,0.2171,102070.0,1.35,4248.6,4055.9,4086.9,4129.1,27.49,1.27,325.0,311.65,312.54,316.5,115.09,0.3740506329113923,0.2740610328638497,3
2017-08-24,0.4375,-0.008928571428571428,0.42857142857142855,0.4375,-0.008928571428571428,0.42857142857142855,0.4375,-0.008928571428571428,0.42857142857142855,-0.55,0.2869,0.21,0.24600000000000002,0.2159,74210.0,4.75,4370.8,4093.0,4135.0,4325.2,22.04,2.88,329.56,314.14,316.5,325.62,93.42,0.34266169154228865,0.2670187793427231,3
2017-08-25,0.0,0.0,0.0,0.0,0.0,0.0,0.0,0.0,0.0,-2.96,0.231,0.2027,0.2171,0.2095,36120.0,0.61,4461.2,4277.4,4324.1,4351.5,27.76,0.95,338.25,324.04,325.62,328.7,108.0,0.32594936708860756,0.2294600938967136,3
2017-08-26,0.2135265700483092,-0.11594202898550725,0.09758454106280194,0.2135265700483092,-0.11594202898550725,0.09758454106280194,0.2135265700483092,-0.11594202898550725,0.09758454106280194,-3.77,0.231,0.20600000000000002,0.2159,0.2016,16760.000000000004,-0.23,4364.0,4243.6,4351.5,4341.7,14.8,1.22,334.6,324.5,328.7,332.72,90.18,0.2840764331210191,0.1830985915492958,3
2017-08-27,0.0,0.0,0.0,0.0,0.0,0.0,0.0,0.0,0.0,11.76,0.2103,0.1925,0.2095,0.2253,20640.0,-0.23,4405.7,4305.0,4340.2,4331.8,11.16,4.6,348.01,331.88,332.72,348.01,103.44,0.4773770491803279,0.3221830985915493,4
2017-08-28,0.0,0.0,0.0,0.0,0.0,0.0,0.0,0.0,0.0,-2.57,0.2461,0.1941,0.2016,0.2195,53160.0,1.2,4395.2,4175.7,4330.7,4383.8,21.22,-0.26,352.0,332.74,348.01,347.09,111.21,0.37963544940289135,0.2881455399061033,3
2017-08-29,0.20401046207497825,-0.09067131647776808,0.11333914559721017,0.20401046207497825,-0.09067131647776808,0.11333914559721017,0.20401046207497825,-0.09067131647776808,0.11333914559721017,5.51,0.226,0.212,0.2253,0.2316,23630.0,4.64,4644.2,4336.7,4385.1,4587.1,32.7,7.18,375.98,346.42,347.09,372.0,180.48,0.18769230769230766,0.3591549295774648,4
2017-08-30,0.0,0.0,0.0,0.0,0.0,0.0,0.0,0.0,0.0,11.74,0.2331,0.2167,0.2195,0.2588,15150.0,-0.39,4641.1,4481.1,4586.6,4569.0,17.07,2.9,390.1,365.1,372.0,382.78,188.64,0.06942148760330571,0.5187793427230046,4
2017-08-31,0.3333333333333333,0.0,0.3333333333333333,0.3333333333333333,0.0,0.3333333333333333,0.3333333333333333,-0.0,0.3333333333333333,-1.97,0.265,0.2272,0.2316,0.2537,28800.0,3.27,4749.9,4567.9,4567.9,4718.2,18.47,1.18,390.0,380.1,382.78,387.3,98.59,0.0313008130081299,0.4530355097365405,4
2017-09-01,0.0,0.0,0.0,0.0,0.0,0.0,0.0,0.0,0.0,-11.9,0.26,0.2434,0.2588,0.2235,28620.0,3.96,4927.4,4660.7,4718.3,4904.9,28.71,0.79,395.03,383.6,387.3,390.35,131.8,0.02947950253339483,0.28744239631336405,4
2017-09-02,0.13227513227513227,-0.021164021164021163,0.1111111111111111,0.13227513227513227,-0.021164021164021163,0.1111111111111111,0.13227513227513227,-0.021164021164021163,0.1111111111111111,2.91,0.2538,0.2135,0.2537,0.23,40900.0,-7.55,4969.0,4400.5,4911.8,4534.4,55.03,-11.62,390.77,325.1,390.35,345.0,308.36,0.06530801296896711,0.25000000000000006,4
2017-09-03,0.0,0.0,0.0,0.0,0.0,0.0,0.0,0.0,0.0,-11.96,0.2382,0.215,0.2235,0.2025,19110.0,1.34,4699.8,4331.0,4534.2,4595.0,33.56,1.63,368.4,328.33,345.0,350.63,212.17,-0.03341288782816219,0.12312811980033293,3
2017-09-04,0.0,0.0,0.0,0.0,0.0,0.0,0.0,0.0,0.0,6.17,0.2304,0.185,0.23,0.215,36810.0,-8.59,4606.0,4056.5,4599.2,4200.4,59.08,-15.63,351.59,275.0,350.63,295.81,569.73,0.06646825396825394,0.20111731843575423,3
2017-09-05,0.0,0.0,0.0,0.0,0.0,0.0,0.0,0.0,0.0,7.44,0.22,0.1881,0.2025,0.231,27240.0,4.15,4469.9,3900.1,4210.6,4374.9,57.73,6.89,323.17,267.64,295.81,316.18,381.67,0.025299600532623215,0.17917304747320073,4
2017-09-06,0.07236842105263158,-0.18045112781954886,-0.10808270676691728,0.07236842105263158,-0.18045112781954886,-0.10808270676691728,0.07236842105263158,-0.18045112781954886,-0.10808270676691728,-1.95,0.2328,0.2139,0.215,0.2265,19740.0,4.9,4631.4,4361.4,4375.0,4589.1,39.0,6.7,339.5,314.81,316.18,337.36,230.11,0.031890660592255156,0.23500545256270447,4
2017-09-07,0.0,0.0,0.0,0.0,0.0,0.0,0.0,0.0,0.0,-6.53,0.2317,0.2197,0.231,0.2117,12490.0,0.53,4672.8,4465.3,4594.6,4613.5,23.13,-0.97,338.66,321.1,337.36,334.1,166.57,-0.08592400690846287,0.17090707964601776,3
2017-09-08,0.2464413591523566,-0.08635367190354404,0.16008768724881256,0.9857654366094264,-0.34541468761417615,0.6403507489952502,0.28563274596236643,-0.12122505025701771,0.16440769570534872,0.33,0.22899999999999998,0.1965,0.2265,0.2124,21630.0,-6.67,4686.2,4107.1,4613.5,4305.8,60.93,-9.01,334.58,291.0,334.1,304.0,309.62,-0.1792890262751158,0.19661971830985925,3
2017-09-09,0.0,0.0,0.0,0.0,0.0,0.0,0.0,0.0,0.0,1.79,0.2144,0.2067,0.2117,0.2162,8700.0,0.28,4381.2,4159.4,4304.0,4317.9,31.11,-0.3,307.08,291.46,304.0,303.08,169.79,-0.14781237682301923,0.2577079697498546,3
2017-09-10,0.0,0.0,0.0,0.0,0.0,0.0,0.0,0.0,0.0,-1.06,0.22399999999999998,0.1975,0.2124,0.2139,16610.0,-1.99,4325.0,3975.8,4315.4,4232.1,45.87,-1.71,305.0,276.11,303.08,297.9,254.7,-0.04295302013422818,0.2877784467188441,3
2017-09-11,0.18142414860681114,-0.11294117647058823,0.06848297213622291,0.3628482972136223,-0.22588235294117645,0.13696594427244582,0.2257626237464065,-0.15972294351507896,0.06603968023132753,-2.1,0.2215,0.2086,0.2162,0.2094,15090.0,-0.69,4373.1,4123.0,4234.9,4203.0,30.9,-0.24,308.0,287.33,297.9,297.19,174.01,-0.08956521739130438,0.2486583184257604,3
2017-09-12,0.16666666666666666,0.0,0.16666666666666666,0.16666666666666666,0.0,0.16666666666666666,0.16666666666666666,-0.0,0.16666666666666666,-5.44,0.2245,0.2052,0.2139,0.198,17510.0,-1.43,4378.4,4055.5,4198.9,4142.9,40.04,-1.11,316.73,283.0,297.19,293.9,261.52,-0.02222222222222224,0.2531645569620254,3
2017-09-13,0.03409090909090909,-0.3068181818181818,-0.2727272727272727,0.03409090909090909,-0.3068181818181818,-0.2727272727272727,0.03409090909090909,-0.3068181818181818,-0.2727272727272727,-13.74,0.2099,0.1902,0.2094,0.1708,14950.0,-7.08,4159.6,3734.0,4149.4,3849.7,71.51,-6.27,294.16,256.0,293.9,275.48,449.34,-0.20558139534883715,0.062189054726368216,3
2017-09-14,0.17391304347826084,0.0,0.17391304347826084,0.17391304347826084,0.0,0.17391304347826084,0.17391304347826084,-0.0,0.17391304347826084,7.85,0.2,0.166,0.198,0.1842,30050.0,-15.89,3917.2,3206.2,3850.2,3238.1,127.51,-19.23,281.01,221.71,275.48,222.5,642.98,-0.20259740259740264,0.16582278481012658,3
2017-09-15,0.13725490196078433,-0.12745098039215685,0.009803921568627472,0.13725490196078433,-0.12745098039215685,0.009803921568627472,0.13725490196078433,-0.12745098039215685,0.009803921568627472,-1.19,0.1924,0.1455,0.1708,0.182,42230.0,14.2,3809.0,2981.0,3237.4,3698.0,183.11,16.26,269.0,198.0,222.5,258.68,954.56,-0.19646799116997798,0.15923566878980888,3
2017-09-16,0.0,0.0,0.0,0.0,0.0,0.0,0.0,0.0,0.0,-0.44,0.1919,0.1729,0.1842,0.1812,15120.0,-0.34,3874.0,3511.1,3697.1,3685.4,70.74,-2.2,270.0,242.2,258.68,253.0,308.48,-0.14407179971658007,0.18819672131147544,3
2017-09-17,0.0,0.0,0.0,0.0,0.0,0.0,0.0,0.0,0.0,6.62,0.184,0.1711,0.182,0.1932,7170.0,-0.52,3775.9,3476.3,3680.1,3666.3,37.05,1.58,263.69,239.0,253.0,257.0,195.92,-0.09039548022598867,0.21433060967944703,3
2017-09-18,0.031746031746031744,-0.3148148148148148,-0.2830687830687831,0.031746031746031744,-0.3148148148148148,-0.2830687830687831,0.031746031746031744,-0.3148148148148148,-0.2830687830687831,-4.45,0.1943,0.1808,0.1812,0.1846,17220.0,11.4,4113.9,3667.0,3667.0,4084.1,58.98,15.49,299.89,257.0,257.0,296.81,378.67,-0.14616096207215548,-0.053333333333333434,3
2017-09-19,0.0,0.0,0.0,0.0,0.0,0.0,0.0,0.0,0.0,-1.63,0.1943,0.182,0.1932,0.1816,9350.0,-4.51,4110.0,3836.2,4084.4,3900.0,47.77,-4.78,299.0,275.0,296.81,282.63,268.88,-0.1510051425899953,-0.24958677685950406,3
2017-09-20,0.0392156862745098,-0.29411764705882354,-0.2549019607843137,0.0392156862745098,-0.29411764705882354,-0.2549019607843137,0.0392156862745098,-0.29411764705882354,-0.2549019607843137,-5.84,0.1884,0.1805,0.1846,0.171,5380.0,-0.69,4048.0,3834.1,3892.2,3873.2,33.21,0.31,294.0,277.0,282.63,283.5,146.38,-0.18338108882521484,-0.3048780487804878,3
2017-09-21,0.0,0.0,0.0,0.0,0.0,0.0,0.0,0.0,0.0,1.11,0.1835,0.1686,0.1816,0.1729,7180.0,-6.97,3903.7,3564.4,3875.5,3603.4,56.98,-9.46,287.53,251.52,283.5,256.67,292.98,-0.1267676767676768,-0.20359281437125745,3
2017-09-22,0.09230769230769233,-0.19615384615384615,-0.10384615384615382,0.09230769230769233,-0.19615384615384615,-0.10384615384615382,0.09230769230769233,-0.19615384615384615,-0.10384615384615382,3.7,0.1771,0.166,0.171,0.1793,4850.0,-0.14,3743.6,3493.5,3597.3,3598.5,49.24,2.15,269.5,253.03,256.67,262.19,183.77,0.049765807962529156,-0.16952292728114876,3
2017-09-23,0.0,0.0,0.0,0.0,0.0,0.0,0.0,0.0,0.0,-2.45,0.1804,0.1699,0.1729,0.1749,11860.0,5.03,3808.0,3559.1,3598.7,3779.6,25.64,9.04,287.2,259.01,262.19,285.9,162.98,-0.05048859934853422,-0.16515513126491643,3
2017-09-24,0.0,0.0,0.0,0.0,0.0,0.0,0.0,0.0,0.0,5.09,0.18,0.1726,0.1793,0.1838,3930.0,-3.35,3781.3,3620.0,3779.6,3652.8,20.88,-1.36,294.54,275.41,285.9,282.0,196.56,0.009890109890109869,-0.08829365079365084,3
2017-09-25,0.15026132404181186,-0.11759581881533099,0.03266550522648087,0.15026132404181186,-0.11759581881533099,0.03266550522648087,0.15026132404181186,-0.11759581881533099,0.03266550522648087,2.77,0.1869,0.1745,0.1749,0.1889,6870.0,7.59,3977.0,3654.7,3654.7,3930.0,40.15,4.68,297.93,281.8,282.0,295.2,186.37,0.04249448123620316,-0.16156236129604964,3
2017-09-26,0.0,0.0,0.0,0.0,0.0,0.0,0.0,0.0,0.0,11.22,0.1943,0.18100000000000002,0.1838,0.2101,9690.0,-1.3,3983.0,3850.9,3930.0,3879.1,21.41,-2.01,296.38,285.2,295.2,289.28,104.72,0.08747412008281572,-0.04282460136674256,3
2017-09-27,0.14,-0.14,0.0,0.14,-0.14,0.0,0.14,-0.14,0.0,-3.76,0.2156,0.1877,0.1889,0.2022,21350.0,8.41,4226.5,3878.1,3881.6,4205.4,48.62,7.08,315.51,286.93,289.28,309.75,213.82,0.09534127843987002,-0.12694300518134718,3
2017-09-28,0.0,0.0,0.0,0.0,0.0,0.0,0.0,0.0,0.0,-2.57,0.2109,0.1965,0.2101,0.19699999999999998,15340.0,-0.37,4268.6,4125.0,4207.5,4190.0,36.57,-2.3,310.69,297.75,309.75,302.63,140.29,0.08480176211453727,-0.23879443585780524,3
2017-09-29,0.17368421052631575,-0.10105263157894737,0.07263157894736838,0.17368421052631575,-0.10105263157894737,0.07263157894736838,0.17368421052631575,-0.10105263157894737,0.07263157894736838,1.02,0.2022,0.1879,0.2022,0.19899999999999998,11890.0,-0.48,4244.6,4024.7,4190.0,4169.9,38.94,-3.29,303.9,280.5,302.63,292.66,276.12,0.16374269005847933,-0.21560898699251085,3
2017-09-30,0.0,0.0,0.0,0.0,0.0,0.0,0.0,0.0,0.0,4.97,0.2065,0.195,0.19699999999999998,0.2089,6450.0,4.73,4393.4,4160.1,4168.1,4367.0,31.5,3.68,307.76,292.3,292.66,303.44,131.2,0.20821283979178717,-0.06532438478747205,3
2017-10-01,0.0,0.0,0.0,0.0,0.0,0.0,0.0,0.0,0.0,-2.68,0.2089,0.1964,0.19899999999999998,0.2033,3970.0,0.85,4420.5,4257.7,4366.6,4404.3,29.23,0.27,305.57,295.0,303.44,304.26,110.1,0.13385387618516464,-0.11608695652173913,3
2017-10-02,0.04985754985754985,-0.16951566951566951,-0.11965811965811966,0.04985754985754985,-0.16951566951566951,-0.11965811965811966,0.04985754985754985,-0.16951566951566951,-0.11965811965811966,-0.15,0.2099,0.2,0.2089,0.203,5520.0,-0.1,4482.0,4359.8,4404.3,4400.1,29.08,-2.45,304.63,292.1,304.26,296.82,133.99,0.16066323613493433,0.002469135802469138,3
2017-10-03,0.0,0.0,0.0,0.0,0.0,0.0,0.0,0.0,0.0,5.81,0.2062,0.1975,0.2033,0.2148,6050.0,-2.02,4439.9,4222.0,4399.3,4311.1,28.54,-1.73,300.5,285.93,296.82,291.69,129.15,0.1686615886833515,-0.0009302325581395615,3
2017-10-04,0.33108924071696855,-0.05890505396282033,0.27218418675414824,0.9932677221509056,-0.17671516188846098,0.8165525602624446,0.3930817693535423,-0.09887108616369436,0.2942106831898479,10.38,0.2173,0.2011,0.203,0.2371,10070.0,-2.23,4353.8,4177.7,4310.6,4215.1,26.37,-0.1,296.0,287.56,291.69,291.4,112.7,0.255161461090524,0.026406926406926382,4
2017-10-05,0.2727272727272727,0.0,0.2727272727272727,0.2727272727272727,0.0,0.2727272727272727,0.2727272727272727,-0.0,0.2727272727272727,-1.69,0.2445,0.2133,0.2148,0.2331,23410.0,2.38,4364.6,4134.9,4215.9,4315.4,25.36,1.28,297.92,285.12,291.4,295.12,90.8,0.10947168015230839,0.029139072847682097,4
2017-10-06,0.44104506604506605,-0.05167055167055167,0.38937451437451437,0.8820901320901321,-0.10334110334110334,0.7787490287490287,0.5384922483172755,-0.07307319494779396,0.46541905336948153,3.17,0.2446,0.23199999999999998,0.2371,0.2405,12720.0,1.29,4424.5,4294.0,4312.6,4371.0,25.94,4.51,309.59,293.04,295.12,308.43,106.64,0.1894164193867458,0.13604156825696737,4
2017-10-07,0.0,0.0,0.0,0.0,0.0,0.0,0.0,0.0,0.0,16.84,0.2417,0.2325,0.2331,0.281,6690.0,1.49,4477.1,4316.1,4370.0,4436.0,17.41,0.98,315.0,304.5,308.43,311.46,117.03,0.4263959390862947,0.3229755178907722,5
2017-10-08,0.0,0.0,0.0,0.0,0.0,0.0,0.0,0.0,0.0,-10.85,0.2813,0.2389,0.2405,0.2505,23300.0,3.99,4630.0,4417.6,4435.9,4613.1,29.86,-0.53,314.39,307.55,311.46,309.82,103.78,0.25879396984924635,0.15864939870490286,4
2017-10-09,0.3,-0.04545454545454546,0.2545454545454545,0.6,-0.09090909090909093,0.509090909090909,0.36055512754639896,-0.06428243465332252,0.29627269289307645,3.11,0.281,0.233,0.281,0.2583,33490.00000000001,3.67,4874.9,4551.3,4612.4,4782.3,48.93,-4.01,311.16,287.03,309.82,297.4,180.23,0.2364767831498323,0.20757363253856925,4
2017-10-10,0.3541666666666667,-0.007936507936507936,0.3462301587301587,0.7083333333333334,-0.015873015873015872,0.6924603174603174,0.35477888262346674,-0.01122391716169123,0.3435549654617755,1.55,0.2669,0.2405,0.2505,0.2623,13650.0,-0.11,4940.0,4717.5,4782.3,4777.0,42.68,0.65,307.0,292.57,297.4,299.32,104.64,0.2902115100836201,0.25262655205348605,4
2017-10-11,0.0882716049382716,-0.1876543209876543,-0.0993827160493827,0.0882716049382716,-0.1876543209876543,-0.0993827160493827,0.0882716049382716,-0.1876543209876543,-0.0993827160493827,-6.4,0.2658,0.256,0.2583,0.2455,6130.0,1.0,4879.5,4715.0,4777.7,4824.9,28.92,1.3,306.55,296.6,299.32,303.2,116.31,0.20935960591132996,0.23989898989898983,4
2017-10-12,0.0,0.0,0.0,0.0,0.0,0.0,0.0,0.0,0.0,6.03,0.265,0.2455,0.2623,0.2603,20980.0,12.51,5437.6,4815.1,4824.9,5428.5,79.26,-0.05,310.01,302.1,303.2,303.06,185.68,0.2118249534450651,0.5240046838407492,4
2017-10-13,0.15005446623093682,-0.11574074074074076,0.03431372549019607,0.15005446623093682,-0.11574074074074076,0.03431372549019607,0.15005446623093682,-0.11574074074074076,0.03431372549019607,-1.81,0.27,0.2325,0.2455,0.2556,30590.0,3.84,5874.3,5376.0,5440.0,5636.8,99.15,11.35,350.0,298.0,303.06,337.46,383.16,0.07802614930409105,0.3876221498371335,4
2017-10-14,0.3125,0.0,0.3125,0.3125,0.0,0.3125,0.3125,-0.0,0.3125,4.07,0.2688,0.2544,0.2603,0.266,15540.0,3.52,5854.3,5567.3,5636.8,5835.0,36.81,0.53,348.0,334.05,337.46,339.24,151.02,0.1411411411411412,0.4615384615384617,4
2017-10-15,0.0,0.0,0.0,0.0,0.0,0.0,0.0,0.0,0.0,-3.08,0.27,0.249,0.2556,0.2578,13940.0,-2.34,5876.9,5450.0,5838.7,5698.6,57.34,-0.59,344.89,315.0,339.24,337.23,250.08,0.07193347193347187,0.42273730684326694,4
2017-10-16,0.3011608623548922,-0.04136460554371002,0.2597962568111822,0.9034825870646765,-0.12409381663113006,0.7793887704335465,0.3162603777777862,-0.057564031452636714,0.2586963463251495,-10.86,0.3,0.2523,0.266,0.2298,49710.0,1.15,5803.2,5570.4,5712.2,5764.4,31.41,-0.82,355.0,330.85,337.23,334.46,270.07,-0.18220640569395025,0.18944099378881984,4
2017-10-17,0.2266666666666667,-0.04083333333333334,0.18583333333333338,0.2266666666666667,-0.04083333333333334,0.18583333333333338,0.2266666666666667,-0.04083333333333334,0.18583333333333338,-5.7,0.2665,0.2188,0.2578,0.2167,35850.0,-2.9,5779.0,5511.0,5764.8,5597.1,31.91,-5.62,334.8,308.0,334.46,315.65,191.86,-0.13493013972055887,0.17388949079089935,3
2017-10-18,0.4675324675324674,-0.02597402597402597,0.44155844155844143,0.4675324675324674,-0.02597402597402597,0.44155844155844143,0.4675324675324674,-0.02597402597402597,0.44155844155844143,-1.11,0.2349,0.2025,0.2298,0.2143,30980.0,-0.57,5597.9,5114.3,5597.7,5565.0,69.04,-0.7,316.21,287.46,315.65,313.45,252.92,-0.17034456058846298,0.18006607929515406,3
2017-10-19,0.05882352941176471,-0.05882352941176471,0.0,0.05882352941176471,-0.05882352941176471,0.0,0.05882352941176471,-0.05882352941176471,0.0,-2.57,0.2329,0.20600000000000002,0.2167,0.2088,18690.0,2.32,5741.0,5505.8,5574.8,5694.0,38.04,-2.07,316.5,304.0,313.45,306.97,118.04,-0.2039649256576438,0.22105263157894736,3
2017-10-20,0.0,0.0,0.0,0.0,0.0,0.0,0.0,0.0,0.0,0.53,0.22399999999999998,0.2052,0.2143,0.2099,16280.000000000002,5.1,6082.2,5606.4,5694.0,5984.5,61.78,-1.42,313.01,301.04,306.97,302.61,118.8,-0.14501018329938897,0.2139965297860035,3
2017-10-21,0.11475409836065575,-0.11475409836065575,0.0,0.11475409836065575,-0.11475409836065575,0.0,0.11475409836065575,-0.11475409836065575,0.0,-4.57,0.2106,0.1967,0.2088,0.2003,13910.0,0.34,6190.0,5873.6,5984.9,6005.1,53.52,-1.12,303.0,289.31,302.61,299.23,105.32,-0.2305032654629273,0.11712214166201908,3
2017-10-22,0.0,0.0,0.0,0.0,0.0,0.0,0.0,0.0,0.0,-4.29,0.212,0.195,0.2099,0.1917,11400.0,-0.41,6069.6,5717.9,6005.1,5980.5,50.58,-1.9,305.62,289.4,299.23,293.55,95.45,-0.24999999999999994,0.09605488850771875,3
2017-10-23,0.07608695652173914,-0.1902173913043478,-0.11413043478260868,0.07608695652173914,-0.1902173913043478,-0.11413043478260868,0.07608695652173914,-0.1902173913043478,-0.11413043478260868,6.0,0.2017,0.185,0.2003,0.2032,11650.0,-1.23,6051.0,5639.8,5980.5,5906.9,67.06,-2.96,293.96,273.5,293.55,284.85,170.7,-0.23609022556390985,0.10554951033732318,3
2017-10-24,0.0,0.0,0.0,0.0,0.0,0.0,0.0,0.0,0.0,-0.89,0.2168,0.183,0.1917,0.2014,20370.0,-6.73,5902.5,5457.5,5902.5,5509.5,64.03,4.02,311.85,280.02,284.85,296.3,216.67,-0.2187742435996896,0.06617257808364205,3
2017-10-25,0.12077922077922075,-0.1808905380333952,-0.06011131725417444,0.12077922077922075,-0.1808905380333952,-0.06011131725417444,0.12077922077922075,-0.1808905380333952,-0.06011131725417444,0.3,0.2056,0.196,0.2032,0.20199999999999999,6620.0,3.82,5743.9,5367.9,5509.9,5720.0,44.8,-0.28,300.0,288.5,296.3,295.46,94.09,-0.12097476066144482,-0.038553069966682646,3
2017-10-26,0.0,0.0,0.0,0.0,0.0,0.0,0.0,0.0,0.0,-1.24,0.2051,0.1995,0.2014,0.1995,6180.0,2.97,5966.6,5680.5,5724.2,5890.0,42.72,-0.12,299.0,290.55,295.46,295.1,59.36,-0.07937240424550066,-0.01335311572700287,3
2017-10-27,0.0,0.0,0.0,0.0,0.0,0.0,0.0,0.0,0.0,-0.8,0.2032,0.1975,0.20199999999999999,0.1979,3440.0,-2.21,6010.2,5681.2,5890.0,5759.6,39.71,0.3,299.5,291.6,295.1,295.99,68.47,-0.07652823145123658,0.004568527918781787,3
2017-10-28,0.0,0.0,0.0,0.0,0.0,0.0,0.0,0.0,0.0,1.67,0.201,0.1971,0.1995,0.2012,4030.0000000000005,-0.68,5863.9,5634.7,5759.8,5720.6,26.66,-0.84,297.01,288.6,295.99,293.49,70.22,-0.036398467432950304,0.011055276381909587,3
2017-10-29,0.07906976744186048,-0.2015503875968992,-0.12248062015503872,0.07906976744186048,-0.2015503875968992,-0.12248062015503872,0.07906976744186048,-0.2015503875968992,-0.12248062015503872,0.4,0.2045,0.196,0.1979,0.20199999999999999,5470.0,7.61,6330.0,5662.9,5718.1,6156.0,61.92,3.71,312.49,290.5,293.49,304.39,166.62,-0.03763696998570756,-0.03303015797032081,3
2017-10-30,0.0,0.0,0.0,0.0,0.0,0.0,0.0,0.0,0.0,-1.98,0.2042,0.2,0.2012,0.198,3990.0,-0.5,6237.2,6010.0,6146.0,6125.3,33.26,0.86,314.4,303.93,304.39,307.0,86.21,-0.011482775836245613,-0.026069847515986223,3
2017-10-31,0.08486943164362519,-0.17281105990783413,-0.08794162826420894,0.08486943164362519,-0.17281105990783413,-0.08794162826420894,0.08486943164362519,-0.17281105990783413,-0.08794162826420894,-3.48,0.204,0.1971,0.20199999999999999,0.1911,5440.0,5.44,6472.1,6082.7,6129.9,6458.3,38.76,-1.08,312.0,303.1,307.0,303.69,81.66,-0.003129890453834205,-0.05862068965517252,3
2017-11-01,0.0,0.0,0.0,0.0,0.0,0.0,0.0,0.0,0.0,4.66,0.201,0.1894,0.198,0.2,9150.0,4.17,6727.3,6348.0,6450.2,6727.3,57.13,-4.97,305.11,287.04,303.69,288.6,153.84,-0.015748031496062898,-0.06890130353817496,3
2017-11-02,0.0,0.0,0.0,0.0,0.0,0.0,0.0,0.0,0.0,2.5,0.207,0.175,0.1911,0.205,17220.0,4.35,7315.1,6724.5,6735.0,7019.9,97.45,-1.29,293.01,275.21,288.6,284.89,260.22,0.017874875868917537,-0.1353859131168284,3
2017-11-03,0.3235294117647059,-0.025210084033613443,0.29831932773109243,0.3235294117647059,-0.025210084033613443,0.29831932773109243,0.3235294117647059,-0.025210084033613443,0.29831932773109243,-1.56,0.2295,0.1956,0.2,0.2018,24890.0,3.68,7447.5,6926.5,7018.9,7278.4,64.15,6.52,307.36,284.0,284.89,303.47,217.42,-0.000990099009900881,-0.13427713427713425,3
2017-11-04,0.0,0.0,0.0,0.0,0.0,0.0,0.0,0.0,0.0,-1.14,0.2056,0.1991,0.205,0.1995,6330.0,1.24,7521.1,6936.5,7104.0,7369.0,48.62,-1.31,304.38,293.0,303.47,299.48,132.54,0.0,-0.1704781704781704,3
2017-11-05,0.0,0.0,0.0,0.0,0.0,0.0,0.0,0.0,0.0,0.8,0.204,0.1975,0.2018,0.2011,5070.0,0.18,7595.0,7272.0,7370.9,7382.0,46.29,-1.29,301.0,292.28,299.48,295.63,98.63,0.016169782718544762,-0.2843416370106762,3
2017-11-06,0.0,0.0,0.0,0.0,0.0,0.0,0.0,0.0,0.0,2.29,0.2069,0.1981,0.1995,0.2057,5940.0,-5.78,7429.5,6915.1,7355.1,6955.0,63.27,0.43,310.0,292.0,295.63,296.9,159.37,0.022365805168986105,-0.1788423153692615,3
2017-11-07,0.0,0.0,0.0,0.0,0.0,0.0,0.0,0.0,0.0,5.06,0.2061,0.1992,0.2011,0.2161,8279.999999999998,2.13,7214.4,6959.0,6959.6,7103.3,37.54,-1.85,304.2,285.01,296.9,291.42,216.51,0.06980198019801981,-0.16337591947348043,3
2017-11-08,0.0,0.0,0.0,0.0,0.0,0.0,0.0,0.0,0.0,-1.71,0.225,0.203,0.2057,0.2124,17100.0,4.77,7895.0,7029.9,7102.0,7442.4,97.3,5.52,318.9,290.11,291.42,307.5,335.69,0.07272727272727271,-0.19024018299656872,3
2017-11-09,0.0,0.0,0.0,0.0,0.0,0.0,0.0,0.0,0.0,-4.43,0.223,0.2121,0.2161,0.203,14210.0,-4.25,7447.0,7017.6,7447.0,7126.2,50.14,3.91,328.8,305.0,307.5,319.52,251.77,0.06227106227106239,-0.17311608961303454,3
2017-11-10,0.0,0.0,0.0,0.0,0.0,0.0,0.0,0.0,0.0,3.05,0.2185,0.198,0.2124,0.2092,19880.0,-8.2,7313.1,6405.2,7123.3,6542.2,88.43,-7.3,324.03,286.0,319.52,296.18,331.44,0.04599999999999993,-0.19631194775259309,3
2017-11-11,0.0,0.0,0.0,0.0,0.0,0.0,0.0,0.0,0.0,-7.65,0.2147,0.2,0.203,0.1932,16520.0,-3.69,6788.0,6166.0,6541.2,6300.7,72.84,5.7,319.88,294.7,296.18,313.07,172.77,-0.05756097560975599,-0.24413145539906098,3
2017-11-12,0.0,0.0,0.0,0.0,0.0,0.0,0.0,0.0,0.0,3.52,0.2092,0.175,0.2092,0.2,48680.0,-7.6,6465.0,5426.0,6282.4,5822.1,172.69,-2.93,316.99,293.33,313.07,303.9,251.26,-0.00891972249752228,-0.24812030075187969,3
2017-11-13,0.2380952380952381,-0.047619047619047616,0.1904761904761905,0.2380952380952381,-0.047619047619047616,0.1904761904761905,0.2380952380952381,-0.047619047619047616,0.1904761904761905,2.05,0.2,0.19,0.1932,0.2041,19330.0,11.21,6680.0,5786.1,5806.5,6474.6,110.44,3.07,318.0,302.4,303.9,313.22,198.96,0.023057644110275652,-0.208301008533747,3
2017-11-14,0.0,0.0,0.0,0.0,0.0,0.0,0.0,0.0,0.0,2.25,0.21,0.1965,0.2,0.2087,10330.0,1.62,6687.8,6315.4,6476.5,6579.2,49.52,6.72,336.69,313.22,313.22,334.28,244.03,0.03779214321233215,-0.09181897302001744,3
2017-11-15,0.0,0.0,0.0,0.0,0.0,0.0,0.0,0.0,0.0,8.91,0.21,0.203,0.2041,0.2273,10810.0,10.63,7310.2,6589.9,6589.9,7278.3,71.61,-1.1,339.61,321.5,334.28,330.59,167.05,0.10500729217306762,0.04891555145362251,4
2017-11-16,0.3800186741363212,-0.004357298474945533,0.37566137566137564,1.1400560224089635,-0.0130718954248366,1.126984126984127,0.39434828545483547,-0.0075470623423480486,0.38680122311248744,-1.23,0.2832,0.2055,0.2087,0.2245,97460.0,8.05,8012.9,7099.9,7273.7,7864.2,85.88,0.05,335.11,321.18,330.59,330.76,149.13,0.038870893105044046,0.04759682687820819,4
2017-11-17,0.571969696969697,0.0,0.571969696969697,1.143939393939394,0.0,1.143939393939394,0.5926789733683075,-0.0,0.5926789733683075,1.11,0.2408,0.217,0.2273,0.22699999999999998,25330.0,-2.37,8029.8,7511.1,7865.0,7677.9,75.95,0.07,335.01,325.0,331.16,331.0,151.63,0.06873822975517878,0.08716475095785424,4
2017-11-18,0.0,0.0,0.0,0.0,0.0,0.0,0.0,0.0,0.0,2.42,0.2295,0.2186,0.2245,0.2325,11180.0,1.24,7867.0,7419.5,7674.1,7773.3,40.7,4.74,350.4,325.32,331.0,346.68,148.23,0.14532019704433496,0.1076703191996189,4
2017-11-19,0.0,0.0,0.0,0.0,0.0,0.0,0.0,0.0,0.0,3.23,0.2375,0.22,0.22699999999999998,0.24,18760.0,3.61,8126.9,7652.0,7770.6,8054.2,39.13,2.31,371.0,343.28,346.68,354.7,176.58,0.14722753346080303,0.19820269595606582,4
2017-11-20,0.0,0.0,0.0,0.0,0.0,0.0,0.0,0.0,0.0,-2.96,0.247,0.2317,0.2325,0.2329,15370.0,2.37,8310.2,7943.4,8052.8,8245.1,38.28,3.73,373.7,352.03,354.7,367.94,148.45,0.2054865424430641,0.2149191444966092,4
2017-11-21,0.2523937926480299,-0.048673783843275364,0.20372000880475455,0.5047875852960598,-0.09734756768655073,0.4074400176095091,0.26166472297299653,-0.0503694930029793,0.21129522997001723,3.05,0.2456,0.2287,0.24,0.24,19920.0,-1.79,8380.0,7790.0,8245.1,8097.3,71.85,-2.16,373.5,350.0,367.94,360.0,199.14,0.1999999999999999,0.18110236220472442,4
2017-11-22,0.2709845735027223,-0.044237749546279494,0.22674682395644283,0.5419691470054446,-0.08847549909255899,0.45349364791288566,0.2902616888703414,-0.06256162537721269,0.22770006349312874,0.38,0.2424,0.23,0.2329,0.2409,17000.0,1.64,8310.0,8064.3,8097.3,8230.1,28.86,5.69,381.89,358.8,360.0,380.48,138.9,0.18030377266046055,0.19612711022840124,4
2017-11-23,0.0,0.0,0.0,0.0,0.0,0.0,0.0,0.0,0.0,1.7,0.2545,0.2351,0.24,0.245,23530.0,-3.07,8267.6,7977.1,8230.0,7977.1,32.1,6.49,426.27,374.34,380.48,405.19,264.29,0.17393387637757546,0.21287128712871295,4
2017-11-24,0.0,0.0,0.0,0.0,0.0,0.0,0.0,0.0,0.0,3.39,0.2476,0.2348,0.2409,0.2533,14300.0,2.69,8350.7,7873.0,7977.0,8191.6,42.85,16.12,478.5,397.37,405.19,470.51,258.2,0.11438627364716245,0.26967418546365923,4
2017-11-25,0.1924198250728863,-0.07201166180758017,0.12040816326530612,0.1924198250728863,-0.07201166180758017,0.12040816326530612,0.1924198250728863,-0.07201166180758017,0.12040816326530612,-3.32,0.2562,0.242,0.245,0.2449,13180.0,7.01,8770.0,8132.9,8191.6,8766.2,44.25,-1.38,481.99,454.4,469.89,464.0,168.49,0.09086859688195992,0.23749368367862564,4
2017-11-26,0.0,0.0,0.0,0.0,0.0,0.0,0.0,0.0,0.0,1.18,0.2533,0.24100000000000002,0.2533,0.2478,16309.999999999998,6.27,9495.0,8769.2,8791.0,9316.0,67.57,0.0,464.0,464.0,464.0,464.0,0.0,0.09162995594713663,0.231610337972167,4
2017-11-27,0.0,0.0,0.0,0.0,0.0,0.0,0.0,0.0,0.0,12.79,0.2532,0.24,0.2449,0.2795,22190.0,4.43,9760.7,9268.9,9303.9,9728.8,66.66,2.03,491.89,458.25,464.0,473.44,191.77,0.20215053763440866,0.3836633663366339,5
2017-11-28,0.0,0.0,0.0,0.0,0.0,0.0,0.0,0.0,0.0,-15.92,0.2816,0.2478,0.2478,0.235,44710.0,1.74,9977.77,9608.3,9727.1,9898.0,47.11,-1.66,479.0,457.2,473.44,465.56,153.81,-0.020833333333333353,0.18686868686868674,4
2017-11-29,0.0,0.0,0.0,0.0,0.0,0.0,0.0,0.0,0.0,0.94,0.28,0.21,0.2795,0.2372,69750.0,-1.5,11427.17,9001.1,9891.9,9749.4,182.74,-9.71,517.0,403.01,465.56,420.34,228.93,0.018462859596393294,0.2412349555206698,4
2017-11-30,0.0,0.0,0.0,0.0,0.0,0.0,0.0,0.0,0.0,2.87,0.2477,0.2184,0.235,0.244,29910.0,1.62,10540.0,8821.0,9771.9,9907.0,129.07,2.82,454.95,385.4,420.34,432.21,224.57,0.016666666666666684,0.21999999999999992,4
2017-12-01,0.1191021530004581,-0.1587265231333028,-0.0396243701328447,0.1191021530004581,-0.1587265231333028,-0.0396243701328447,0.1191021530004581,-0.1587265231333028,-0.0396243701328447,0.33,0.2488,0.225,0.2372,0.2448,22460.0,9.71,10949.0,9370.1,9907.0,10869.0,84.14,6.58,467.0,413.96,432.21,460.67,169.74,0.01618929016189285,0.19414634146341467,4
2017-12-02,0.0,0.0,0.0,0.0,0.0,0.0,0.0,0.0,0.0,0.0,0.2495,0.2398,0.244,0.2448,15890.0,0.11,11187.0,10627.0,10852.0,10881.0,49.71,-1.12,472.0,447.0,460.67,455.51,135.33,-0.0008163265306122683,0.21308225966303262,4
2017-12-03,0.0,0.0,0.0,0.0,0.0,0.0,0.0,0.0,0.0,0.57,0.2598,0.2344,0.2448,0.2462,25350.0,2.54,11842.0,10299.0,10880.0,11157.0,93.06,0.87,482.69,431.04,455.51,459.49,137.97,-0.028030003947887967,0.2340852130325814,4
2017-12-04,0.0,0.0,0.0,0.0,0.0,0.0,0.0,0.0,0.0,-5.12,0.25,0.2345,0.2448,0.2336,16790.0,3.93,11598.0,10788.0,11162.0,11595.0,63.74,1.2,471.06,439.27,459.49,465.0,123.19,-0.04614128215598205,0.1616111387369468,4
2017-12-05,0.0,0.0,0.0,0.0,0.0,0.0,0.0,0.0,0.0,-7.15,0.2472,0.23199999999999998,0.2462,0.2169,18440.0,0.0,11949.0,11414.0,11611.0,11595.0,48.94,-2.82,467.38,444.17,465.0,451.87,187.53,-0.12469733656174328,0.0544482255712203,3
2017-12-06,0.0,0.0,0.0,0.0,0.0,0.0,0.0,0.0,0.0,-6.69,0.2342,0.2059,0.2336,0.2024,42000.0,16.66,13598.0,11590.0,11590.0,13527.0,83.59,-8.44,454.23,403.0,451.87,413.71,367.19,-0.2758497316636852,-0.06339657565941689,3
2017-12-07,0.2419763729246488,-0.13805076628352492,0.10392560664112388,0.4839527458492976,-0.27610153256704983,0.20785121328224776,0.31255817721393453,-0.17243782093640883,0.1401203562775257,15.07,0.22,0.2,0.2169,0.2329,55110.0,22.72,16639.0,13154.0,13500.0,16601.0,141.26,0.32,429.0,390.0,413.71,415.02,322.0,-0.008936170212765918,0.09651600753295664,4
2017-12-08,0.0,0.0,0.0,0.0,0.0,0.0,0.0,0.0,0.0,1.55,0.249,0.2,0.2024,0.2365,92750.0,-4.41,17160.0,13774.0,16608.0,15869.0,124.11,6.55,453.61,400.34,415.02,442.19,318.98,-0.0029510961214165524,0.16502463054187178,4
2017-12-09,0.12973137973137974,-0.13186813186813187,-0.002136752136752129,0.2594627594627595,-0.26373626373626374,-0.004273504273504258,0.12973137973137974,-0.13186813186813187,-0.002136752136752129,-3.68,0.245,0.2275,0.2329,0.2278,29980.0,-7.62,16300.0,13021.0,15829.0,14660.0,77.82,4.24,487.8,441.0,442.19,460.92,322.5,-0.06639344262295079,0.08891013384321227,4
2017-12-10,0.0,0.0,0.0,0.0,0.0,0.0,0.0,0.0,0.0,7.55,0.2376,0.2212,0.2365,0.245,20270.0,2.3,15728.0,12748.0,14660.0,14997.0,107.05,-6.87,460.92,413.3,460.92,429.24,250.23,0.000816993464052311,0.2681159420289854,4
2017-12-11,0.0,0.0,0.0,0.0,0.0,0.0,0.0,0.0,0.0,41.8,0.2504,0.2278,0.2278,0.3474,20690.0,11.72,17443.0,14937.0,14937.0,16754.0,78.09,20.04,531.2,429.14,429.24,515.25,224.21,0.41911764705882354,0.7369999999999999,6
2017-12-12,0.0,0.0,0.0,0.0,0.0,0.0,0.0,0.0,0.0,29.82,0.4205,0.24,0.245,0.451,116610.0,1.27,17500.0,16234.0,16754.0,16967.0,52.09,23.22,646.92,497.75,515.25,634.87,425.21,0.8318440292445167,1.2097011268985791,8
2017-12-13,0.5454545454545454,0.0,0.5454545454545454,0.5454545454545454,0.0,0.5454545454545454,0.5454545454545454,-0.0,0.5454545454545454,81.15,0.4927,0.32,0.3474,0.8170000000000001,132919.99999999997,-4.63,17288.0,15674.0,17010.0,16181.0,62.88,8.79,742.0,573.0,634.87,690.69,686.14,2.497431506849315,2.9147101102060375,14
2017-12-14,0.5370370370370371,0.0,0.5370370370370371,1.6111111111111112,0.0,1.6111111111111112,0.537675227442888,-0.0,0.537675227442888,-9.74,0.847,0.446,0.451,0.7374,143370.0,1.25,16999.0,15870.0,16122.0,16383.0,45.72,-0.61,760.0,651.0,690.69,686.51,494.41,2.3997233748271096,2.244170699516058,13
2017-12-15,0.4567307692307692,-0.014423076923076926,0.4423076923076923,0.9134615384615384,-0.02884615384615385,0.8846153846153846,0.4867417483489564,-0.020397310995765798,0.4663444373531906,0.35,0.825,0.6154,0.8170000000000001,0.74,87980.0,6.95,18098.0,16352.0,16396.0,17522.0,63.11,-1.2,698.31,610.0,686.51,678.29,360.05,2.6561264822134385,2.2962138084632513,13
2017-12-16,0.18032786885245905,-0.11569086651053866,0.0646370023419204,0.18032786885245905,-0.11569086651053866,0.0646370023419204,0.18032786885245905,-0.11569086651053866,0.0646370023419204,-3.78,0.813,0.72,0.7374,0.7120000000000001,41170.0,9.5,19548.0,17098.0,17569.55,19187.0,48.27,0.73,711.96,672.51,678.29,683.25,200.94,2.0571060541004726,2.136563876651983,12
2017-12-17,0.0,0.0,0.0,0.0,0.0,0.0,0.0,0.0,0.0,6.29,0.753,0.701,0.74,0.7568,28420.0,-1.13,19891.0,18622.0,19210.0,18971.0,51.8,3.74,725.0,683.24,683.25,708.78,210.62,2.2,2.25505376344086,13
2017-12-18,0.20665593129361245,-0.06629092860976919,0.14036500268384328,0.20665593129361245,-0.06629092860976919,0.14036500268384328,0.20665593129361245,-0.06629092860976919,0.14036500268384328,-3.33,0.7913,0.66,0.7120000000000001,0.7316,45640.0,-0.2,19171.0,18010.0,18959.0,18934.0,53.58,10.61,798.9,660.0,708.78,783.99,420.29,2.211589113257243,2.048333333333334,13
2017-12-19,0.0,0.0,0.0,0.0,0.0,0.0,0.0,0.0,0.0,-2.28,0.841,0.6858,0.7568,0.7149,44640.0,-8.39,18987.0,16500.0,18931.0,17345.0,66.65,2.04,863.0,750.01,783.99,799.98,518.29,1.9179591836734693,2.069557750107342,12
2017-12-20,0.2351993315827166,-0.054443184530914304,0.18075614705180232,0.4703986631654332,-0.10888636906182861,0.36151229410360464,0.23528439178746555,-0.05981819265004343,0.17546619913742212,52.47,0.746,0.635,0.7316,1.09,35030.0,-5.3,17709.0,15500.0,17340.0,16425.0,82.16,-0.62,826.2,709.0,799.98,794.99,423.2,2.1375935521013245,3.541666666666667,19
2017-12-21,0.6083011165898866,-0.0022702676111767024,0.60603084897871,2.4332044663595465,-0.00908107044470681,2.42412339591484,0.6327699936446272,-0.003282958102557709,0.6294870355420694,-9.36,1.11,0.7140000000000001,0.7149,0.988,91160.0,-4.62,17333.0,14827.0,16433.0,15666.83,65.58,-1.01,848.08,747.1,794.99,786.97,341.95,1.1906873614190685,3.1012868410128682,17
2017-12-22,0.2652692681100935,-0.06469545377246189,0.2005738143376316,0.7958078043302804,-0.19408636131738566,0.6017214430128948,0.30307524227565097,-0.08268813880518745,0.22038710347046353,-0.24,1.23,0.69,1.09,0.9856,114410.0,-15.94,15826.0,10718.0,15650.0,13170.0,179.0,-20.18,792.0,492.01,786.97,628.19,780.15,0.2063647490820073,3.022857142857143,17
2017-12-23,0.0,0.0,0.0,0.0,0.0,0.0,0.0,0.0,0.0,-1.4,1.07,0.92,0.988,0.9718,30790.0,6.57,14986.0,12755.0,13173.0,14035.0,59.92,7.07,717.0,616.19,628.19,672.59,240.69,0.31787360998101427,2.836557441768653,17
2017-12-24,0.0,0.0,0.0,0.0,0.0,0.0,0.0,0.0,0.0,0.02,0.9938,0.8024,0.9856,0.972,31760.0,-3.98,14047.0,11601.18,14036.0,13476.0,72.38,-1.89,675.0,560.0,672.59,659.89,312.62,0.3135135135135135,2.9689669252756223,17
2017-12-25,0.0,0.0,0.0,0.0,0.0,0.0,0.0,0.0,0.0,10.08,1.02,0.9125,0.9718,1.07,12030.0,1.09,14278.0,12678.0,13517.0,13623.0,45.61,7.56,737.0,651.76,659.89,709.81,218.49,0.5028089887640449,3.317998385794996,19
2017-12-26,0.11159029649595686,-0.18598382749326148,-0.07439353099730461,0.11159029649595686,-0.18598382749326148,-0.07439353099730461,0.11159029649595686,-0.18598382749326148,-0.07439353099730461,13.08,1.1,0.9621,0.972,1.21,16360.0,15.09,16048.0,13550.0,13627.0,15679.0,63.44,5.63,749.8,708.83,709.81,749.8,149.07,0.5988372093023254,3.329159212880142,21
2017-12-27,0.75,0.0,0.75,0.75,0.0,0.75,0.75,-0.0,0.75,2.48,1.29,1.06,1.07,1.24,44830.0,-1.95,16494.0,14463.0,15680.0,15374.0,54.99,-1.78,766.06,703.27,749.8,736.45,167.81,0.6949152542372881,4.276595744680851,22
2017-12-28,0.07344262295081969,-0.26229508196721313,-0.18885245901639344,0.07344262295081969,-0.26229508196721313,-0.18885245901639344,0.07344262295081969,-0.26229508196721313,-0.18885245901639344,54.84,1.29,1.07,1.21,1.92,33080.0,-6.89,15467.0,13232.0,15374.0,14315.0,72.89,-3.4,740.3,652.0,736.45,711.42,255.38,1.6856903063365505,7.094435075885328,34
2017-12-29,0.5336156288156289,-0.0011936507936507936,0.5324219780219781,2.668078144078144,-0.005968253968253968,2.66210989010989,0.5499302871424876,-0.0019873117297778604,0.5479429754127098,-4.69,1.97,1.24,1.24,1.83,65040.00000000001,0.01,15105.0,13847.0,14323.0,14317.0,48.01,2.83,755.0,703.02,711.42,731.52,204.82,0.6788990825688073,6.500000000000001,33
2017-12-30,0.2896776191996547,-0.06457958259242343,0.22509803660723127,1.1587104767986187,-0.2583183303696937,0.9003921464289251,0.36484814916342734,-0.10036829196497811,0.26447985719844924,7.65,2.4,1.74,1.92,1.97,78980.0,-13.55,14403.0,11690.0,14308.0,12377.0,75.43,-6.74,737.56,640.43,731.52,682.22,267.7,0.9939271255060729,7.047385620915033,35
2017-12-31,0.3191836734693877,-0.0032653061224489797,0.31591836734693873,0.3191836734693877,-0.0032653061224489797,0.31591836734693873,0.3191836734693877,-0.0032653061224489797,0.31591836734693873,3.05,2.09,1.5,1.83,2.03,34430.0,11.5,14140.0,12183.88,12385.0,13800.0,43.29,8.0,741.99,675.56,682.22,736.77,153.38,1.0596590909090906,7.292483660130719,36
2018-01-01,0.1,-0.18,-0.07999999999999999,0.1,-0.18,-0.07999999999999999,0.1,-0.18,-0.07999999999999999,7.88,2.1,1.8,1.97,2.19,13770.0,-3.23,13893.0,12787.0,13794.0,13354.0,29.54,2.13,762.0,717.94,736.77,752.46,121.56,1.2535501131920148,7.895207148659626,39
2018-01-02,0.317826765812309,-0.03170290138611917,0.28612386442618987,1.9069605948738542,-0.19021740831671502,1.7167431865571392,0.341711548105638,-0.050965897687485245,0.2907456504181527,24.2,2.2,1.9,2.03,2.72,24000.0,10.15,15300.0,12810.0,13448.0,14709.82,56.18,14.13,890.0,752.46,752.46,858.78,420.96,1.798353909465021,10.643835616438357,49
2018-01-03,0.42758824595892786,-0.018482680864444375,0.4091055650944835,2.1379412297946394,-0.09241340432222188,2.0455278254724174,0.4659843275143382,-0.027722944668089267,0.43826138284624894,0.37,2.86,2.15,2.19,2.73,32140.0,3.03,15428.0,14522.0,14713.0,15155.0,38.35,9.69,954.73,840.0,858.78,942.01,310.54,1.5514018691588782,11.586445366528354,49
2018-01-04,0.45372211065261586,-0.04693690827795448,0.40678520237466137,3.176054774568311,-0.32855835794568133,2.8474964166226298,0.5258022887822372,-0.08262730080978636,0.44317498797245086,-8.42,3.28,2.45,2.72,2.5,44430.0,0.03,15390.0,14064.0,15150.0,15160.0,46.47,-0.21,997.0,893.24,942.01,940.0,348.62,1.0661157024793388,11.351778656126482,45
2018-01-05,0.3370921841316578,-0.05655119922002662,0.2805409849116312,2.6967374730532625,-0.45240959376021295,2.2443278792930497,0.37162331767692186,-0.1020766697045074,0.26954664797241445,6.0,3.05,2.2,2.73,2.65,34750.0,11.59,17101.0,14769.0,15159.0,16917.0,54.63,2.42,1023.6,930.0,939.3,962.77,298.24,1.1370967741935483,10.378273937312152,47
2018-01-06,0.14873888426844095,-0.07963142153413089,0.06910746273431007,0.2974777685368819,-0.15926284306826177,0.13821492546862013,0.1497160469944303,-0.10481333496578256,0.04490271202864775,4.53,2.85,2.45,2.5,2.77,11260.0,1.44,17252.0,16251.0,16911.0,17161.0,29.61,4.31,1014.2,951.38,962.77,1004.3,127.79,0.44270833333333337,10.71247357293869,49
2018-01-07,0.0,0.0,0.0,0.0,0.0,0.0,0.0,0.0,0.0,-13.36,2.81,2.56,2.65,2.4,9100.0,-5.62,17176.0,15726.0,17163.0,16196.0,30.84,11.1,1116.0,999.5,1004.3,1115.8,199.83,0.3114754098360655,9.535557506584723,43
2018-01-08,0.20460533805483655,-0.10128922602498963,0.10331611202984692,1.6368427044386924,-0.810313808199917,0.8265288962387753,0.24755486980153854,-0.14905067601382527,0.09850419378771327,-14.98,2.77067,1.91111,2.77067,2.04055,20760.0,-7.82,16279.0,13760.0,16216.0,14930.0,64.95,1.21,1225.0,968.12,1115.9,1129.3,439.43,0.03581218274111681,7.328775510204082,36
2018-01-09,0.19518476020024011,-0.17306910495764985,0.022115655242590265,0.5855542806007203,-0.5192073148729496,0.06634696572777077,0.28490232004114174,-0.21511845469383864,0.0697838653473031,-5.91,2.481,1.9,2.4,1.92,18910.0,-3.4,15355.0,14122.0,14902.0,14423.0,43.44,13.67,1299.0,1119.1,1129.4,1283.7,296.9,-0.05418719211822654,4.526770293609672,34
2018-01-10,0.07131410256410256,-0.3060897435897436,-0.23477564102564105,0.14262820512820512,-0.6121794871794872,-0.4695512820512821,0.07851746425246058,-0.30642936588839514,-0.22791190163593456,0.52,2.1180000000000003,1.6132,2.05,1.93,30460.0,3.28,14896.0,13338.0,14426.0,14896.0,57.33,-2.78,1381.9,1203.2,1285.7,1248.0,380.43,-0.11872146118721462,3.2793791574279374,34
2018-01-11,0.32360867554569,-0.06091218219468081,0.2626964933510092,2.26526072881983,-0.42638527536276566,1.8388754534570642,0.36900432588892595,-0.09663221335765856,0.27237211253126736,4.3,2.267,1.54,1.94415,2.013,45040.0,-10.94,14949.8,12639.0,14895.0,13266.0,71.7,-9.01,1331.8,1102.5,1245.9,1135.5,360.57,-0.25992647058823537,1.4638922888616888,36
2018-01-12,0.05376066166968209,-0.2390798655983458,-0.1853192039286637,0.05376066166968209,-0.2390798655983458,-0.1853192039286637,0.05376066166968209,-0.2390798655983458,-0.1853192039286637,-1.14,2.15,1.79,1.92446,1.99,15700.0,3.9,14095.0,12778.0,13248.0,13783.0,37.42,10.72,1285.0,1083.4,1135.1,1257.2,209.24,-0.27106227106227104,1.6986710062381338,35
2018-01-13,0.0,0.0,0.0,0.0,0.0,0.0,0.0,0.0,0.0,-8.54,2.095,1.94701,2.013,1.82,7950.0,2.96,14580.0,13760.0,13794.0,14191.0,29.01,9.77,1423.2,1252.6,1257.0,1380.0,202.78,-0.27199999999999996,1.4594594594594597,32
2018-01-14,0.25641025641025644,-0.019230769230769232,0.23717948717948723,0.25641025641025644,-0.019230769230769232,0.23717948717948723,0.25641025641025644,-0.019230769230769232,0.23717948717948723,-9.07,1.99,1.74,1.99,1.655,8600.0,-4.46,14391.0,12874.34,14190.0,13558.0,35.6,-2.17,1385.0,1256.0,1379.9,1350.0,176.75,-0.3754716981132075,1.3244382022471908,29
2018-01-15,0.0,0.0,0.0,0.0,0.0,0.0,0.0,0.0,0.0,-30.96,1.8715,1.62,1.82,1.14263,5860.0,0.13,14350.0,13307.0,13558.0,13575.0,33.46,-5.67,1377.9,1264.4,1349.9,1273.4,137.68,-0.5874981949458483,0.5098176532769556,20
2018-01-16,0.1779009304871374,-0.2538485221674877,-0.07594759168035031,0.7116037219485496,-1.0153940886699508,-0.30379036672140125,0.24259259576569872,-0.31776321274800423,-0.07517061698230551,15.52,1.67763,0.85,1.655,1.32,69780.0,-18.44,13604.0,9949.4,13594.0,11072.0,131.86,-19.89,1278.8,868.98,1275.8,1020.1,672.02,-0.44999999999999996,0.8042646254784035,23
2018-01-17,0.18651933695706033,-0.23855439791624924,-0.05203506095918892,0.37303867391412066,-0.4771087958324985,-0.10407012191837783,0.24932378642077957,-0.3042666145315766,-0.05494282811079704,17.12,1.386,0.87,1.14263,1.546,73010.0,0.09,11490.0,9231.1,11059.0,11082.0,132.23,-0.25,1088.3,770.1,1019.6,1017.5,686.58,-0.2423611281272206,1.1625402154147435,27
2018-01-18,0.24830570663903995,-0.1313778813778814,0.11692782526115855,0.7449171199171198,-0.39413364413364416,0.3507834757834757,0.2708011519885665,-0.17492849259372226,0.09587265939484427,-1.55,1.72042,1.2,1.32,1.5219999999999998,49190.0,-0.33,11881.0,10515.0,11101.0,11045.0,85.24,-2.23,1079.0,940.0,1020.1,994.81,374.07,-0.20729166666666674,0.3963302752293575,27
2018-01-19,0.0,0.0,0.0,0.0,0.0,0.0,0.0,0.0,0.0,2.5,1.67,1.44406,1.546,1.56,19730.0,3.9,11879.0,10649.0,11036.0,11476.0,48.55,3.8,1079.0,960.1,993.92,1032.6,174.91,-0.19170984455958545,0.5789473684210527,28
2018-01-20,0.047633776678008034,-0.24126198577172905,-0.19362820909372103,0.047633776678008034,-0.24126198577172905,-0.19362820909372103,0.047633776678008034,-0.24126198577172905,-0.19362820909372103,-13.21,1.62347,1.4609999999999999,1.5219999999999998,1.354,11920.0,10.91,13002.0,11425.0,11462.0,12728.0,46.3,10.98,1160.0,1029.6,1032.6,1146.0,163.86,-0.32737208147044206,0.3737824675324676,24
2018-01-21,0.2636916835699797,-0.02434077079107505,0.23935091277890463,0.2636916835699797,-0.02434077079107505,0.23935091277890463,0.2636916835699797,-0.02434077079107505,0.23935091277890463,-1.03,1.56791,1.3,1.56,1.34,16890.0,-9.54,12732.0,11020.0,12732.0,11514.0,53.62,-8.64,1146.3,1001.5,1146.3,1047.0,197.63,-0.3266331658291457,0.37888454414488587,24
2018-01-22,0.03527336860670194,-0.4268077601410935,-0.39153439153439157,0.03527336860670194,-0.4268077601410935,-0.39153439153439157,0.03527336860670194,-0.4268077601410935,-0.39153439153439157,-0.49,1.4110200000000002,1.13031,1.354,1.3335,22900.0,-6.45,11886.0,10009.0,11519.0,10771.0,66.35,-4.96,1084.1,912.76,1047.0,995.08,238.82,-0.26730769230769236,0.3719135802469135,24
2018-01-23,0.2352941176470588,0.0,0.2352941176470588,0.2352941176470588,0.0,0.2352941176470588,0.2352941176470588,-0.0,0.2352941176470588,1.31,1.4342,1.17493,1.34,1.351,23420.0,0.45,11383.0,9901.1,10770.0,10819.0,63.85,-1.22,1022.0,905.38,995.26,982.98,228.08,-0.18368580060422962,0.26261682242990647,24
2018-01-24,0.18779923215898828,-0.10774529219651173,0.08005393996247655,0.5633976964769648,-0.3232358765895352,0.24016181988742963,0.23861494318856027,-0.13210094120868515,0.10651400197987512,-3.7,1.42022,1.2822,1.3335,1.301,12810.0,5.5,11529.0,10454.0,10811.0,11414.0,43.82,8.16,1068.8,952.04,982.11,1063.2,173.18,0.1386012970077802,0.07520661157024791,23
2018-01-25,0.05223175044461253,-0.21414481080970582,-0.1619130603650933,0.10446350088922506,-0.42828962161941164,-0.3238261207301866,0.0525164111489317,-0.21525533615033954,-0.16273892500140785,-7.3,1.375,1.272,1.351,1.20599,7750.0,-2.35,11723.0,10857.0,11402.0,11146.0,34.44,-1.41,1102.4,1025.1,1061.8,1048.2,162.09,-0.08637121212121224,-0.02742741935483879,21
2018-01-26,0.2565789473684211,-0.05263157894736842,0.20394736842105265,0.2565789473684211,-0.05263157894736842,0.20394736842105265,0.2565789473684211,-0.05263157894736842,0.20394736842105265,1.06,1.32082,1.1001,1.301,1.21879,16510.000000000004,-0.68,11647.0,10298.0,11144.0,11070.0,56.75,-0.11,1078.6,983.0,1048.2,1047.0,138.71,-0.21164941785252264,-0.36521354166666664,21
2018-01-27,0.021739130434782608,-0.3768115942028985,-0.3550724637681159,0.021739130434782608,-0.3768115942028985,-0.3550724637681159,0.021739130434782608,-0.3768115942028985,-0.3550724637681159,12.41,1.24473,1.17286,1.20599,1.37,7890.0,3.53,11683.0,10822.0,11068.0,11461.0,34.4,6.48,1125.3,1031.6,1046.9,1114.8,105.76,-0.09986859395532176,-0.2513661202185792,24
2018-01-28,0.0,0.0,0.0,0.0,0.0,0.0,0.0,0.0,0.0,-7.21,1.4,1.21416,1.21879,1.27127,12810.0,3.3,12181.0,11398.0,11455.13,11839.0,29.62,11.82,1264.8,1109.0,1114.7,1246.6,189.36,-0.18508333333333343,-0.3546852791878173,22
2018-01-29,0.1769700630787775,-0.11424305988585541,0.06272700319292208,0.5309101892363325,-0.3427291796575662,0.18818100957876627,0.1951726106510104,-0.1595521956136124,0.03562041503739802,-12.52,1.37905,1.2509,1.37,1.1121,8380.000000000002,-5.3,11957.0,11074.0,11836.0,11212.0,25.65,-5.74,1259.8,1155.9,1245.5,1175.0,139.56,-0.17865583456425405,-0.452167487684729,20
2018-01-30,0.16666666666666666,0.0,0.16666666666666666,0.16666666666666666,0.0,0.16666666666666666,0.16666666666666666,-0.0,0.16666666666666666,2.36,1.27127,1.08807,1.27127,1.1384,14640.0,-9.25,11250.0,9864.9,11215.0,10175.0,61.28,-8.43,1178.8,1041.0,1174.3,1076.0,246.88,-0.15044776119402983,-0.48018264840182645,20
2018-01-31,0.04629629629629629,-0.2708333333333333,-0.22453703703703703,0.04629629629629629,-0.2708333333333333,-0.22453703703703703,0.04629629629629629,-0.2708333333333333,-0.22453703703703703,-15.14,1.14941,1.02578,1.1121,0.966,9320.0,1.07,10411.0,9761.0,10170.0,10284.0,43.23,4.21,1128.7,1027.8,1076.8,1121.3,136.7,-0.2755905511811023,-0.6448529411764706,17
2018-02-01,0.08920824097961555,-0.35132080956360595,-0.2621125685839904,0.1784164819592311,-0.7026416191272119,-0.5242251371679808,0.0990544858776744,-0.40551550686649707,-0.30646102098882266,-6.43,1.15067,0.905,1.1384,0.90388,15020.0,-10.72,10311.0,8941.0,10278.0,9181.1,78.78,-7.58,1167.0,985.01,1120.7,1036.3,285.6,-0.3309548482605477,-0.668908424908425,16
2018-02-02,0.17611542119969084,-0.19276499613578266,-0.016649574936091815,0.5283462635990726,-0.5782949884073479,-0.04994872480827539,0.21285592141041948,-0.2660625513864588,-0.05320662997603931,6.12,0.9688,0.67179,0.966,0.95916,41100.0,-3.11,9201.0,7972.2,9181.0,8895.8,123.34,-10.9,1038.7,769.99,1036.2,923.3,520.79,-0.26275172943889313,-0.616336,17
2018-02-03,0.10526315789473684,-0.2315789473684211,-0.12631578947368427,0.10526315789473684,-0.2315789473684211,-0.12631578947368427,0.10526315789473684,-0.2315789473684211,-0.12631578947368427,-14.9,1.02,0.7783399999999999,0.90388,0.81624,19380.0,3.64,9495.0,8189.6,8887.1,9219.4,51.91,5.32,999.0,845.0,923.2,972.4,211.35,-0.3231784674831466,-0.6919849056603773,14
2018-02-04,0.21052631578947367,-0.021052631578947368,0.1894736842105263,0.21052631578947367,-0.021052631578947368,0.1894736842105263,0.21052631578947367,-0.021052631578947368,0.1894736842105263,-16.19,0.9671,0.7793100000000001,0.95916,0.6841,13530.0,-11.06,9403.3,7840.0,9225.07,8200.0,74.42,-14.65,972.69,776.0,972.19,829.98,340.1,-0.4387056014571829,-0.7530324909747292,12
2018-02-05,0.02616213151927438,-0.47307256235827666,-0.4469104308390023,0.05232426303854876,-0.9461451247165533,-0.8938208616780046,0.03358548117934594,-0.4890199259915942,-0.45543444481224826,11.39,0.83452,0.64,0.81624,0.762,27620.0,-15.25,8378.0,6658.8,8185.2,6949.9,131.29,-15.83,858.0,641.01,827.9,698.62,547.57,-0.44379562043795623,-0.6825,13
2018-02-06,0.01212121212121212,-0.3545454545454545,-0.34242424242424235,0.01212121212121212,-0.3545454545454545,-0.34242424242424235,0.01212121212121212,-0.3545454545454545,-0.34242424242424235,-5.91,0.78049,0.57227,0.6841,0.7170000000000001,39170.0,10.42,7860.0,6000.0,6946.6,7673.8,192.76,11.88,798.7,566.0,698.62,781.6,790.23,-0.43599707379234925,-0.6486241454509813,12
2018-02-07,0.21633584658015398,-0.09145016285567162,0.12488568372448236,2.1633584658015397,-0.9145016285567161,1.2488568372448237,0.2493291924375023,-0.16082304607235354,0.08850614636514875,8.9,0.8220000000000001,0.6971,0.76764,0.7808,15430.0,-1.13,8488.2,7175.1,7679.4,7587.0,106.7,-3.88,848.6,716.3,782.99,751.25,416.98,-0.2979048646704433,-0.5933333333333333,14
2018-02-08,0.0,0.0,0.0,0.0,0.0,0.0,0.0,0.0,0.0,18.06,0.78975,0.708,0.715,0.92183,10900.0,8.54,8648.8,7579.6,7585.0,8235.1,77.62,8.25,845.88,749.88,752.88,813.2,236.13,-0.19024068868587493,-0.5223678756476683,16
2018-02-09,0.4622774327122153,-0.022910729509194983,0.4393667032030203,0.9245548654244305,-0.045821459018389965,0.8787334064060406,0.49976104093576407,-0.0241275304639043,0.47563351047185976,11.48,0.92968,0.74,0.7808,1.02769,16579.999999999996,5.44,8748.0,7734.7,8240.0,8683.2,63.03,8.08,881.69,780.53,814.01,878.9,182.42,0.06386128364389236,-0.48947342275211125,18
2018-02-10,0.09598330725091288,-0.1859676577986437,-0.08998435054773081,0.09598330725091288,-0.1859676577986437,-0.08998435054773081,0.09598330725091288,-0.1859676577986437,-0.08998435054773081,-6.74,1.23,0.905,0.92183,0.9584,41470.0,-1.38,9074.3,8152.1,8678.1,8563.1,68.15,-3.06,908.99,815.52,878.01,852.0,165.7,0.06031774129309202,-0.518391959798995,17
2018-02-11,0.0,0.0,0.0,0.0,0.0,0.0,0.0,0.0,0.0,8.76,1.03902,0.892,1.02769,1.0424,22620.0,-5.77,8569.0,7851.0,8563.0,8069.0,52.21,-4.85,854.5,778.52,851.66,810.64,146.9,0.08678426956920637,-0.42725274725274726,18
2018-02-12,0.18293650793650795,-0.04563492063492064,0.1373015873015873,0.5488095238095239,-0.13690476190476192,0.41190476190476194,0.1845212493421984,-0.0790420011390559,0.1054792482031425,-5.44,1.0764,0.9584,0.9584,0.98573,14310.0,10.31,9000.0,8070.0,8070.0,8900.6,51.4,6.88,876.52,810.64,810.64,866.4,130.22,0.20764726060962466,-0.404392749244713,17
2018-02-13,0.0,0.0,0.0,0.0,0.0,0.0,0.0,0.0,0.0,14.34,1.04815,0.96333,1.0424,1.12706,8270.0,-4.32,8952.8,8339.7,8902.9,8515.9,39.51,-3.08,869.26,821.57,866.4,839.69,130.39,0.6475076743166202,-0.013626458258578965,20
2018-02-14,0.11537628496692824,-0.10487829259759085,0.010497992369337392,0.5768814248346412,-0.5243914629879542,0.05248996184668697,0.1154706041232214,-0.12235011051915462,-0.006879506395933224,-1.97,1.1540000000000001,0.97816,0.98573,1.10488,15840.0,11.03,9488.0,8512.6,8515.9,9455.4,50.36,9.46,922.0,839.69,839.69,919.11,199.27,0.44997375328084,-0.16296969696969696,19
2018-02-15,0.3629629629629629,-0.02962962962962963,0.33333333333333326,0.7259259259259258,-0.05925925925925926,0.6666666666666665,0.3629629629629629,-0.02962962962962963,0.33333333333333326,0.67,1.14252,1.0655,1.12706,1.11225,13290.0,5.73,10175.0,9338.8,9454.3,9996.9,67.53,0.78,945.0,903.2,919.13,926.32,205.52,0.5512552301255228,-0.2805627425614489,20
2018-02-16,0.1875,-0.05,0.1375,0.1875,-0.05,0.1375,0.1875,-0.05,0.1375,5.63,1.11787,1.063,1.10488,1.1749,5900.0,1.65,10270.0,9674.9,9996.0,10162.0,43.89,1.19,944.0,907.0,925.02,937.38,134.07,0.5047387295081966,-0.22805519053876463,21
2018-02-17,0.12008281573498965,-0.2236024844720497,-0.10351966873706005,0.12008281573498965,-0.2236024844720497,-0.10351966873706005,0.12008281573498965,-0.2236024844720497,-0.10351966873706005,-9.34,1.2,1.10182,1.11225,1.0652,8720.0,8.77,11083.0,10050.0,10161.0,11053.46,52.8,3.83,973.55,933.52,937.37,973.28,124.67,0.1555275918553311,-0.31717948717948724,19
2018-02-18,0.0,0.0,0.0,0.0,0.0,0.0,0.0,0.0,0.0,3.9,1.1785,1.0382,1.1749,1.10673,9880.0,-6.17,11250.0,10122.0,11062.0,10372.0,69.83,-6.27,979.0,901.0,973.29,912.21,184.03,0.07691035234360556,-0.18262186115214185,19
2018-02-19,0.2155873405873406,-0.014739089739089741,0.20084825084825086,0.4311746811746812,-0.029478179478179482,0.40169650169650173,0.2512384783587382,-0.014962664270565931,0.23627581408817228,-7.63,1.1328,1.0652,1.0652,1.02233,4440.0,7.72,11250.0,10308.0,10398.0,11173.0,50.74,2.96,955.84,909.4,913.1,939.18,118.34,0.06670492487479124,-0.23706716417910456,18
2018-02-20,0.175,-0.14375,0.03125,0.175,-0.14375,0.03125,0.175,-0.14375,0.03125,-7.3,1.1328,1.00756,1.10673,0.94775,9130.0,0.4,11776.0,11101.0,11172.0,11218.0,60.92,-5.82,958.99,875.0,939.19,884.51,150.18,-0.09080007674597085,-0.28927634045744277,17
2018-02-21,0.3482142857142857,-0.008928571428571428,0.33928571428571425,0.6964285714285714,-0.017857142857142856,0.6785714285714285,0.4136155293535882,-0.012626906806902633,0.40098862254668555,-6.09,1.042,0.93618,1.02233,0.89,11220.0,-6.8,11239.0,10200.0,11216.0,10455.0,76.96,-5.28,903.33,815.32,884.5,837.79,220.26,-0.09711584308076246,-0.3412287194670614,16
2018-02-22,0.13103864734299514,-0.20632045088566828,-0.07528180354267314,0.13103864734299514,-0.20632045088566828,-0.07528180354267314,0.13103864734299514,-0.20632045088566828,-0.07528180354267314,5.32,0.99924,0.861,0.94775,0.93731,10920.0,-5.98,10912.0,9740.0,10453.22,9830.0,71.23,-4.17,868.94,788.0,837.8,802.85,180.65,-0.1683583837595159,-0.2795465026902383,16
2018-02-23,0.0,0.0,0.0,0.0,0.0,0.0,0.0,0.0,0.0,-3.98,0.98235,0.85001,0.89,0.9,7800.0,3.2,10395.0,9583.9,9826.5,10145.0,59.07,6.22,881.2,787.0,802.85,852.79,162.83,-0.18543190210701618,-0.2537251552666273,16
2018-02-24,0.07500000000000001,-0.2916666666666667,-0.21666666666666667,0.07500000000000001,-0.2916666666666667,-0.21666666666666667,0.07500000000000001,-0.2916666666666667,-0.21666666666666667,0.11,0.96825,0.86818,0.93731,0.9009999999999999,6520.0,-4.72,10499.0,9350.3,10144.0,9666.3,55.7,-2.5,872.99,808.17,852.68,831.51,147.41,-0.189930321420544,-0.2607422115376727,16
2018-02-25,0.0,0.0,0.0,0.0,0.0,0.0,0.0,0.0,0.0,3.11,0.92298,0.873,0.9,0.92898,4330.0,-1.13,9840.0,9284.3,9666.3,9557.4,30.52,0.84,848.38,816.13,831.51,838.47,101.28,-0.2093114307600647,-0.32191240875912414,16
2018-02-26,0.0,0.0,0.0,0.0,0.0,0.0,0.0,0.0,0.0,-0.21,0.9420000000000001,0.87376,0.9009999999999999,0.927,4520.0,7.99,10437.0,9359.9,9583.0,10321.0,45.94,3.49,881.6,831.9,838.71,867.76,136.6,-0.1297408937288771,-0.27080793222525495,16
2018-02-27,0.13694779116465866,-0.1106425702811245,0.026305220883534167,0.13694779116465866,-0.1106425702811245,0.026305220883534167,0.13694779116465866,-0.1106425702811245,0.026305220883534167,-4.47,0.95575,0.9175,0.92898,0.88554,3280.0,2.4,10880.0,10133.0,10320.0,10569.0,39.72,0.41,895.0,862.08,868.6,871.36,93.51,-0.19985904421132525,-0.20372268680874028,15
2018-02-28,0.3052325581395349,-0.008720930232558141,0.29651162790697677,0.3052325581395349,-0.008720930232558141,0.29651162790697677,0.3052325581395349,-0.008720930232558141,0.29651162790697677,3.23,0.9467,0.88005,0.927,0.91415,3510.0,-2.4,11063.0,10270.0,10583.0,10315.0,43.89,-2.31,888.46,850.75,871.2,851.26,93.98,-0.10581710406620166,-0.19698699929725935,16
2018-03-01,0.15075216972034716,-0.11955641272902603,0.031195756991321127,0.3015043394406943,-0.23911282545805207,0.062391513982642255,0.15356318651115486,-0.12593032046581265,0.027632866045342208,-1.64,0.9485,0.8740000000000001,0.88554,0.8991600000000001,3880.0,5.91,11087.0,10224.0,10316.0,10925.0,33.87,2.11,881.3,845.61,851.25,869.24,90.09,-0.051268794513320934,-0.06919254658385084,16
2018-03-02,0.31160714285714286,-0.030357142857142857,0.28125,0.6232142857142857,-0.060714285714285714,0.5625,0.3239016960027678,-0.030826208038628695,0.2930754879641391,-0.0,0.92109,0.88569,0.91415,0.89912,2380.0,0.92,11189.0,10766.0,10908.0,11025.0,28.86,-1.7,879.37,849.73,869.23,854.5,58.05,0.010247191011235973,-0.005266185776873021,16
2018-03-03,0.20579268292682928,-0.08689024390243902,0.11890243902439027,0.20579268292682928,-0.08689024390243902,0.11890243902439027,0.20579268292682928,-0.08689024390243902,0.11890243902439027,12.01,0.9212,0.887,0.8991600000000001,1.00708,2350.0,3.76,11526.0,11024.0,11024.0,11440.0,30.65,0.09,868.7,852.63,854.79,855.3,40.49,0.07443641911427383,0.04996038200091743,18
2018-03-04,0.291497975708502,-0.0013495276653171392,0.29014844804318485,0.291497975708502,-0.0013495276653171392,0.29014844804318485,0.291497975708502,-0.0013495276653171392,0.29014844804318485,-6.08,1.03,0.89,0.89912,0.94582,6160.0,0.53,11544.0,11061.0,11454.0,11501.0,28.07,1.26,868.26,835.58,855.29,866.07,45.12,0.05091111111111108,0.1587523277467412,17
2018-03-05,0.46796272318386267,-0.022243411122721466,0.4457193120611412,2.3398136159193132,-0.11121705561360733,2.228596560305706,0.5179010744246151,-0.04033489110824814,0.47756618331636697,-4.84,1.09,0.9420000000000001,1.00708,0.9000100000000001,17250.0,-0.74,11696.0,11390.0,11497.0,11416.0,27.56,-2.11,870.0,847.76,866.06,847.76,55.13,-0.0010987791342950326,0.31561175266773867,16
2018-03-06,0.11929824561403507,-0.08362573099415202,0.03567251461988305,0.11929824561403507,-0.08362573099415202,0.03567251461988305,0.11929824561403507,-0.08362573099415202,0.03567251461988305,-5.46,0.98133,0.8909999999999999,0.94108,0.8508700000000001,11940.0,-6.1,11403.0,10578.0,11403.0,10720.0,44.24,-3.71,850.0,803.59,848.14,816.31,89.0,-0.08408146569355626,0.11662729658792666,15
2018-03-07,0.23952750881325893,-0.051423693989941295,0.18810381482331764,1.4371650528795537,-0.3085421639396478,1.128622888939906,0.25929300146995904,-0.09589430830473636,0.16339869316522268,-5.43,0.91233,0.7863,0.9000100000000001,0.80469,12910.0,-7.62,10899.0,9422.09,10779.0,9902.9,75.22,-8.22,824.23,725.01,816.48,749.21,174.36,-0.13194174757281557,0.12230125523012542,14
2018-03-08,0.18274022113952895,-0.1335484722694327,0.04919174887009625,0.5482206634185869,-0.40064541680829807,0.1475752466102888,0.21514393615947744,-0.2027332101031225,0.012410726056354932,2.03,0.87,0.79566,0.8508700000000001,0.821,5580.0,-6.09,10109.0,9037.0,9910.7,9300.0,67.75,-6.93,770.0,688.01,749.2,697.31,146.74,-0.07288208324863929,0.05148565573770479,14
2018-03-09,0.0,0.0,0.0,0.0,0.0,0.0,0.0,0.0,0.0,-5.72,0.841,0.72929,0.80469,0.774,9630.0,-0.89,9420.5,8351.0,9301.9,9217.0,98.2,3.92,727.81,639.04,697.3,724.61,229.75,-0.15331181972324015,-0.16036579412689977,13
2018-03-10,0.034712482468443204,-0.25771388499298736,-0.22300140252454415,0.034712482468443204,-0.25771388499298736,-0.22300140252454415,0.034712482468443204,-0.25771388499298736,-0.22300140252454415,4.99,0.84,0.768,0.821,0.81265,3810.0,-4.94,9500.0,8691.1,9216.2,8762.0,52.54,-6.2,745.0,676.27,724.62,679.68,117.94,-0.09621202010765613,-0.2092459788457609,14
2018-03-11,0.0,0.0,0.0,0.0,0.0,0.0,0.0,0.0,0.0,-4.01,0.83,0.75,0.774,0.7801,5850.0,8.74,9726.1,8429.0,8764.4,9528.0,70.48,5.91,734.2,660.15,679.68,719.86,139.84,-0.13237387667941988,-0.18603923205342238,14
2018-03-12,0.0,0.0,0.0,0.0,0.0,0.0,0.0,0.0,0.0,-0.58,0.828,0.765,0.81265,0.7756,3790.0,-4.27,9894.7,8776.8,9528.0,9121.0,67.58,-3.24,739.84,676.34,719.85,696.52,123.67,-0.22985264328553842,-0.2559478127398312,13
2018-03-13,0.3720934280144807,-0.08630952380952382,0.28578390420495686,1.116280284043442,-0.25892857142857145,0.8573517126148706,0.43567654557358737,-0.14442958998274916,0.29124695559083824,-11.13,0.7996,0.76066,0.7801,0.68928,3690.0,0.15,9479.0,8827.7,9130.2,9135.0,61.54,-1.15,713.99,676.8,696.51,688.5,132.6,-0.27123554164640207,-0.30074158238057075,12
2018-03-14,0.1907790143084261,-0.031796502384737683,0.1589825119236884,0.1907790143084261,-0.031796502384737683,0.1589825119236884,0.1907790143084261,-0.031796502384737683,0.1589825119236884,-1.02,0.78993,0.6523,0.7756,0.6822600000000001,6320.0,-10.38,9400.1,7923.8,9135.2,8186.6,78.81,-11.27,702.41,585.34,689.1,610.92,205.41,-0.24194175620270883,-0.39465512040175316,12
2018-03-15,0.03,-0.4133333333333333,-0.3833333333333333,0.03,-0.4133333333333333,-0.3833333333333333,0.03,-0.4133333333333333,-0.3833333333333333,-0.33,0.72333,0.628,0.68928,0.68,6620.0,0.81,8416.7,7666.3,8181.3,8252.9,82.58,-0.17,619.82,568.29,610.91,609.9,223.87,-0.20081798629637906,-0.38454854825863444,12
2018-03-16,0.02357142857142857,-0.35,-0.3264285714285714,0.02357142857142857,-0.35,-0.3264285714285714,0.02357142857142857,-0.35,-0.3264285714285714,-7.56,0.71129,0.6579999999999999,0.6822600000000001,0.62861,4430.0,-0.02,8602.7,7903.2,8250.1,8251.0,56.34,-1.7,626.04,584.5,609.91,599.56,133.52,-0.21881718425729163,-0.4348302989435828,11
2018-03-17,0.0,0.0,0.0,0.0,0.0,0.0,0.0,0.0,0.0,3.14,0.6829999999999999,0.614,0.68,0.6483300000000001,5470.0,-4.85,8350.1,7729.5,8250.0,7851.0,48.97,-8.43,609.36,543.3,598.77,549.0,141.33,-0.21031668696711314,-0.4481828240701336,11
2018-03-18,0.0,0.0,0.0,0.0,0.0,0.0,0.0,0.0,0.0,11.67,0.685,0.53771,0.62861,0.7240000000000001,10370.0,4.45,8285.6,7240.0,7832.0,8200.2,88.92,-2.23,560.99,453.65,548.82,536.73,661.85,-0.06459948320413428,-0.3203154337213667,13
2018-03-19,0.022892361875412718,-0.3037640325775919,-0.28087167070217917,0.022892361875412718,-0.3037640325775919,-0.28087167070217917,0.022892361875412718,-0.3037640325775919,-0.28087167070217917,-3.6,0.7247,0.62561,0.6483300000000001,0.6979,8970.0,4.88,8689.9,8100.0,8209.0,8600.1,73.28,3.4,557.99,514.95,536.73,554.99,346.87,-0.14120470067064544,-0.3694035582301013,12
2018-03-20,0.2532299741602068,-0.02583979328165375,0.22739018087855306,0.2532299741602068,-0.02583979328165375,0.22739018087855306,0.2532299741602068,-0.02583979328165375,0.22739018087855306,-2.56,0.7240000000000001,0.6579999999999999,0.7240000000000001,0.68,8119.999999999999,3.48,9025.0,8309.6,8600.2,8899.7,54.28,0.25,566.28,516.09,555.0,556.38,226.63,-0.12831688245096778,-0.33485273835258667,12
2018-03-21,0.06920415224913495,-0.2231833910034602,-0.15397923875432526,0.06920415224913495,-0.2231833910034602,-0.15397923875432526,0.06920415224913495,-0.2231833910034602,-0.15397923875432526,-4.41,0.70882,0.66059,0.6979,0.65,7110.0,0.0,9175.2,8755.7,8899.8,8900.1,42.86,0.66,590.0,544.59,556.38,560.04,185.47,-0.16193914388860228,-0.31416512793458184,11
2018-03-22,0.0,0.0,0.0,0.0,0.0,0.0,0.0,0.0,0.0,-1.38,0.69093,0.6208199999999999,0.68,0.6409999999999999,5170.0,-2.18,9088.0,8453.1,8888.6,8706.44,54.42,-3.72,577.27,515.36,559.22,539.19,181.65,-0.0700441039925721,-0.27977528089887654,11
2018-03-23,0.188966588966589,-0.06597846597846597,0.12298812298812302,0.566899766899767,-0.19793539793539794,0.368964368964369,0.21627013009283452,-0.09486854741036976,0.12140158268246476,-2.14,0.654,0.61231,0.65,0.6273,3770.0,2.32,8910.0,8272.8,8703.8,8908.0,44.91,0.76,543.66,505.72,539.2,543.28,193.13,-0.08055579984170275,-0.3307443641911428,11
2018-03-24,0.18681318681318682,0.0,0.18681318681318682,0.37362637362637363,0.0,0.37362637362637363,0.1919148263359668,-0.0,0.1919148263359668,0.9,0.67871,0.6273,0.6409999999999999,0.6329199999999999,3450.0,-4.19,9040.2,8463.0,8911.4,8535.0,44.21,-4.51,545.24,518.0,543.86,518.8,108.76,-0.06923529411764723,-0.29675555555555566,11
2018-03-25,0.0,0.0,0.0,0.0,0.0,0.0,0.0,0.0,0.0,-7.1,0.654,0.6167,0.62737,0.588,2770.0,-1.05,8673.9,8373.0,8525.0,8445.1,30.69,0.7,535.65,513.06,519.05,522.41,81.71,-0.0646028539157825,-0.3473917869034406,10
2018-03-26,0.06324110671936757,-0.2951251646903821,-0.23188405797101452,0.06324110671936757,-0.2951251646903821,-0.23188405797101452,0.06324110671936757,-0.2951251646903821,-0.23188405797101452,-3.31,0.6382,0.57438,0.6329199999999999,0.5685100000000001,6910.0,-3.86,8496.4,7839.09,8445.0,8119.1,56.38,-7.16,525.37,466.9,522.41,485.0,224.43,-0.12311631422269523,-0.388027729337553,10
2018-03-27,0.0,0.0,0.0,0.0,0.0,0.0,0.0,0.0,0.0,0.43,0.6025,0.557,0.588,0.57098,4550.0,-4.12,8209.0,7727.0,8128.0,7784.5,50.41,-7.66,491.35,446.1,485.2,447.85,310.88,-0.21135359116022104,-0.3840560949298813,10
2018-03-28,0.15858610749967178,-0.07237077418919687,0.08621533331047491,0.6343444299986871,-0.28948309675678746,0.34486133324189966,0.18497278085525382,-0.11720062464240341,0.0677721562128504,-11.84,0.588,0.56411,0.5685100000000001,0.50335,2560.0,1.95,8118.0,7725.0,7784.5,7936.1,35.08,-0.55,465.52,439.99,448.19,445.37,165.08,-0.2787648660266514,-0.4315897644375184,9
2018-03-29,0.1433080808080808,-0.06734006734006734,0.07596801346801346,0.2866161616161616,-0.13468013468013468,0.15193602693602692,0.1444728066030789,-0.09523323652344075,0.049239570079638154,-0.23,0.57491,0.49545,0.57098,0.5021800000000001,7600.0,-10.61,7963.9,6897.2,7936.0,7094.0,77.41,-13.75,448.0,379.6,445.37,384.11,470.08,-0.26149999999999995,-0.4506590822075151,9
2018-03-30,0.0400728597449909,-0.29713114754098363,-0.2570582877959927,0.0801457194899818,-0.5942622950819673,-0.5141165755919854,0.0400728597449909,-0.29713114754098363,-0.2570582877959927,-1.03,0.52512,0.47006,0.50335,0.49700000000000005,8970.0,-3.57,7267.3,6533.0,7091.5,6840.4,108.25,2.34,411.12,364.66,384.1,393.09,501.96,-0.23538461538461533,-0.4472618888740602,8
2018-03-31,0.0,0.0,0.0,0.0,0.0,0.0,0.0,0.0,0.0,-4.23,0.5213300000000001,0.4927,0.5021800000000001,0.47600000000000003,4630.0,1.24,7221.9,6782.9,6838.1,6925.3,68.02,-0.03,418.5,389.0,393.08,392.97,273.24,-0.2574102964118563,-0.47059346916985495,8
2018-04-01,0.0,0.0,0.0,0.0,0.0,0.0,0.0,0.0,0.0,3.76,0.50756,0.4546,0.49700000000000005,0.4939,5630.0,-1.66,7035.1,6432.4,6925.4,6810.0,54.9,-3.64,398.84,358.01,393.37,378.67,325.75,-0.21265742069185392,-0.5095722286213608,8
2018-04-02,0.0,0.0,0.0,0.0,0.0,0.0,0.0,0.0,0.0,10.75,0.50389,0.47100000000000003,0.47600000000000003,0.547,3460.0,3.56,7121.4,6770.2,6813.1,7052.7,44.01,1.8,393.99,375.26,378.68,385.5,196.17,-0.13575175377614848,-0.42166585608255264,9
2018-04-03,0.028985507246376812,-0.5507246376811594,-0.5217391304347826,0.028985507246376812,-0.5507246376811594,-0.5217391304347826,0.028985507246376812,-0.5507246376811594,-0.5217391304347826,-10.78,0.5527,0.49192,0.4939,0.4880100000000001,6850.0,5.0,7509.6,7020.0,7073.8,7405.6,49.86,7.76,417.88,379.83,386.16,415.43,223.28,-0.17005102040816303,-0.45777269141453975,8
2018-04-04,0.07367280606717226,-0.26327193932827736,-0.1895991332611051,0.07367280606717226,-0.26327193932827736,-0.1895991332611051,0.07367280606717226,-0.26327193932827736,-0.1895991332611051,0.64,0.5523,0.48505,0.547,0.49113,6770.0,-8.37,7422.0,6670.0,7403.3,6785.9,53.72,-9.01,416.54,369.82,415.41,377.99,256.6,-0.1361101827584388,-0.4227907906025598,8
2018-04-05,0.14210299504417154,-0.05575307045895281,0.08634992458521873,0.2842059900883431,-0.11150614091790562,0.17269984917043746,0.18143006330972167,-0.07049934201143444,0.11093072129828722,-3.58,0.49646,0.47417,0.4880100000000001,0.47358,2220.0,-0.31,6911.0,6571.9,6785.8,6765.0,45.85,0.79,387.1,366.12,378.0,380.98,182.5,-0.170583908368069,-0.4114752264847333,8
2018-04-06,0.12238031454449365,-0.09500084285532046,0.027379471689173193,0.36714094363348093,-0.28500252856596137,0.08213841506751957,0.1385058558729753,-0.146806339936203,-0.008300484063227725,2.43,0.49425,0.4577,0.49113,0.4851,2620.0,-2.29,6851.5,6501.1,6767.2,6610.2,42.14,-2.95,385.44,363.03,380.99,369.73,151.02,-0.03625707758021256,-0.4091352009744214,8
2018-04-07,0.0,0.0,0.0,0.0,0.0,0.0,0.0,0.0,0.0,2.66,0.49604,0.46947,0.47358,0.498,2860.0,4.27,7075.4,6599.9,6610.0,6892.6,40.61,3.9,394.59,368.85,369.74,384.16,143.72,-0.008323708630371723,-0.35658914728682173,8
2018-04-08,0.19594594594594594,-0.018018018018018014,0.17792792792792794,0.19594594594594594,-0.018018018018018014,0.17792792792792794,0.19594594594594594,-0.018018018018018014,0.17792792792792794,-2.85,0.5009,0.48357,0.4851,0.48382,1460.0,1.9,7114.8,6883.0,6892.62,7023.9,29.33,4.21,404.07,384.16,384.16,400.34,134.99,-0.026519114688128932,-0.4046391435427306,8
2018-04-09,0.13534303534303532,-0.16964656964656966,-0.03430353430353433,0.13534303534303532,-0.16964656964656966,-0.03430353430353433,0.13534303534303532,-0.16964656964656966,-0.03430353430353433,1.38,0.51145,0.4751,0.498,0.49048,4610.0,-3.69,7187.4,6611.0,7024.0,6764.6,75.96,-0.39,430.73,387.31,400.33,398.79,329.86,0.030420168067226874,-0.37126009485963335,8
2018-04-10,0.0,0.0,0.0,0.0,0.0,0.0,0.0,0.0,0.0,0.0,0.49857,0.4775,0.48382,0.0,2350.0,1.1,6890.6,6650.0,6770.9,6839.3,26.15,4.09,417.9,391.0,398.84,415.12,146.65,-1.0,-1.0,0
